Year,County,State,FIPS County Code,Opioid Prescribing Rate per 100,Zip Code
2017,AUTAUGA,AL,1001,106.6,36006
2017,BALDWIN,AL,1003,106.7,36550
2017,BARBOUR,AL,1005,90.7,36017
2017,BIBB,AL,1007,80.6,35034
2017,BLOUNT,AL,1009,48.9,35013
2017,BULLOCK,AL,1011,19.9,36089
2017,BUTLER,AL,1013,118.6,36033
2017,CALHOUN,AL,1015,138.2,36260
2017,CHAMBERS,AL,1017,127,36854
2017,CHEROKEE,AL,1019,128.3,35973
2017,CHILTON,AL,1021,107,36750
2017,CHOCTAW,AL,1023,92.2,36910
2017,CLARKE,AL,1025,154.5,36436
2017,CLAY,AL,1027,112.2,36267
2017,CLEBURNE,AL,1029,48.1,36262
2017,COFFEE,AL,1031,118.7,36351
2017,COLBERT,AL,1033,186,35674
2017,CONECUH,AL,1035,84.9,36454
2017,COOSA,AL,1037,24.3,36026
2017,COVINGTON,AL,1039,143.1,36421
2017,CRENSHAW,AL,1041,81.1,36041
2017,CULLMAN,AL,1043,141.1,35070
2017,DALE,AL,1045,69.6,36362
2017,DALLAS,AL,1047,102.6,36773
2017,DE KALB,AL,1049,103.2,35979
2017,ELMORE,AL,1051,109.4,36025
2017,ESCAMBIA,AL,1053,154.9,36543
2017,ETOWAH,AL,1055,130.5,35972
2017,FAYETTE,AL,1057,114.3,35559
2017,FRANKLIN,AL,1059,181.3,35585
2017,GENEVA,AL,1061,42.1,36316
2017,GREENE,AL,1063,53.9,35443
2017,HALE,AL,1065,98.7,35441
2017,HENRY,AL,1067,26.7,36310
2017,HOUSTON,AL,1069,136.2,36319
2017,JACKSON,AL,1071,138.6,35751
2017,JEFFERSON,AL,1073,104.2,35233
2017,LAMAR,AL,1075,75.4,35576
2017,LAUDERDALE,AL,1077,104.7,35610
2017,LAWRENCE,AL,1079,98.8,35673
2017,LEE,AL,1081,58.5,36877
2017,LIMESTONE,AL,1083,68.3,35613
2017,LOWNDES,AL,1085,0.4,36040
2017,MACON,AL,1087,44.6,36039
2017,MADISON,AL,1089,100.5,35808
2017,MARENGO,AL,1091,127.2,36763
2017,MARION,AL,1093,162.1,35554
2017,MARSHALL,AL,1095,163.9,35175
2017,MOBILE,AL,1097,118.4,36603
2017,MONROE,AL,1099,123.4,36470
2017,MONTGOMERY,AL,1101,81.2,36113
2017,MORGAN,AL,1103,117.7,35775
2017,PERRY,AL,1105,3.6,36786
2017,PICKENS,AL,1107,70.1,35447
2017,PIKE,AL,1109,98.9,36034
2017,RANDOLPH,AL,1111,95,36263
2017,RUSSELL,AL,1113,103.4,36856
2017,SAINT CLAIR,AL,1115,105,35146
2017,SHELBY,AL,1117,89.6,35176
2017,SUMTER,AL,1119,36.4,36901
2017,TALLADEGA,AL,1121,123.6,35014
2017,TALLAPOOSA,AL,1123,98.3,36861
2017,TUSCALOOSA,AL,1125,99.9,35480
2017,WALKER,AL,1127,216.1,35587
2017,WASHINGTON,AL,1129,52.4,36548
2017,WILCOX,AL,1131,52.6,36435
2017,WINSTON,AL,1133,155.1,35565
2017,ANCHORAGE,AK,2020,59.4,99505
2017,FAIRBANKS NORTH STAR,AK,2090,42.9,99703
2017,JUNEAU,AK,2110,65.7,99824
2017,KENAI PENINSULA,AK,2122,83,99682
2017,KETCHIKAN GATEWAY,AK,2130,77.4,99901
2017,KODIAK ISLAND,AK,2150,28.9,99643
2017,MATANUSKA SUSITNA,AK,2170,69.3,99667
2017,PETERSBURG,AK,2195,63,99830
2017,PRINCE OF WALES HYDER,AK,2198,38.9,99918
2017,SITKA,AK,2220,7.2,99835
2017,VALDEZ CORDOVA,AK,2261,38.2,99686
2017,WRANGELL,AK,2275,0.2,99929
2017,APACHE,AZ,4001,18.6,85924
2017,COCHISE,AZ,4003,69,85608
2017,COCONINO,AZ,4005,42.4,86038
2017,GILA,AZ,4007,88,85545
2017,GRAHAM,AZ,4009,74.6,85551
2017,GREENLEE,AZ,4011,0,85533
2017,LA PAZ,AZ,4012,67,85328
2017,MARICOPA,AZ,4013,59.2,85309
2017,MOHAVE,AZ,4015,111.8,86433
2017,NAVAJO,AZ,4017,66,85928
2017,PIMA,AZ,4019,65.4,85707
2017,PINAL,AZ,4021,50.1,85131
2017,SANTA CRUZ,AZ,4023,21.9,85640
2017,YAVAPAI,AZ,4025,87.2,86313
2017,YUMA,AZ,4027,48.5,85333
2017,ARKANSAS,AR,5001,116,72048
2017,ASHLEY,AR,5003,108.1,71658
2017,BAXTER,AR,5005,133.4,72651
2017,BENTON,AR,5007,79.4,72747
2017,BOONE,AR,5009,141.2,72662
2017,BRADLEY,AR,5011,109.6,71647
2017,CALHOUN,AR,5013,73.7,71766
2017,CARROLL,AR,5015,78.4,72638
2017,CHICOT,AR,5017,80,71638
2017,CLARK,AR,5019,95.3,71998
2017,CLAY,AR,5021,111.4,72470
2017,CLEBURNE,AR,5023,112.2,72179
2017,CLEVELAND,AR,5025,0.7,71660
2017,COLUMBIA,AR,5027,101.5,71752
2017,CONWAY,AR,5029,122.1,72156
2017,CRAIGHEAD,AR,5031,141.5,72467
2017,CRAWFORD,AR,5033,141.4,72948
2017,CRITTENDEN,AR,5035,105.5,72325
2017,CROSS,AR,5037,101.9,72324
2017,DALLAS,AR,5039,77.6,71763
2017,DESHA,AR,5041,129.4,72379
2017,DREW,AR,5043,120.8,71675
2017,FAULKNER,AR,5045,89.9,72047
2017,FRANKLIN,AR,5047,19.3,72928
2017,FULTON,AR,5049,109.2,72578
2017,GARLAND,AR,5051,157.8,71968
2017,GRANT,AR,5053,74.1,72129
2017,GREENE,AR,5055,166.8,72412
2017,HEMPSTEAD,AR,5057,116.4,71855
2017,HOT SPRING,AR,5059,95.5,71941
2017,HOWARD,AR,5061,138.7,71852
2017,INDEPENDENCE,AR,5063,150.9,72571
2017,IZARD,AR,5065,95.8,72528
2017,JACKSON,AR,5067,136.4,72005
2017,JEFFERSON,AR,5069,103.8,72168
2017,JOHNSON,AR,5071,101.2,72832
2017,LAFAYETTE,AR,5073,111,71827
2017,LAWRENCE,AR,5075,35.8,72410
2017,LEE,AR,5077,67.5,72320
2017,LINCOLN,AR,5079,59.6,71644
2017,LITTLE RIVER,AR,5081,158.4,71822
2017,LOGAN,AR,5083,37.9,72851
2017,LONOKE,AR,5085,95.4,72037
2017,MADISON,AR,5087,81.1,72721
2017,MARION,AR,5089,78.1,72672
2017,MILLER,AR,5091,102.5,71839
2017,MISSISSIPPI,AR,5093,138.4,72358
2017,MONROE,AR,5095,85.6,72108
2017,MONTGOMERY,AR,5097,82,71970
2017,NEWTON,AR,5101,0.9,72648
2017,OUACHITA,AR,5103,138.7,71751
2017,PERRY,AR,5105,27.5,72001
2017,PHILLIPS,AR,5107,156.5,72367
2017,PIKE,AR,5109,87.5,71940
2017,POINSETT,AR,5111,112.5,72429
2017,POLK,AR,5113,105.8,71944
2017,POPE,AR,5115,105.8,72847
2017,PRAIRIE,AR,5117,72.1,72017
2017,PULASKI,AR,5119,98.3,72099
2017,RANDOLPH,AR,5121,106,72478
2017,SAINT FRANCIS,AR,5123,89.2,72322
2017,SALINE,AR,5125,92.7,72087
2017,SCOTT,AR,5127,116.1,72841
2017,SEARCY,AR,5129,68.6,72686
2017,SEBASTIAN,AR,5131,153.1,72901
2017,SEVIER,AR,5133,57.1,71823
2017,SHARP,AR,5135,124.4,72529
2017,STONE,AR,5137,154.1,72663
2017,UNION,AR,5139,120,71749
2017,VAN BUREN,AR,5141,90.6,72013
2017,WASHINGTON,AR,5143,91.9,72749
2017,WHITE,AR,5145,116.9,72060
2017,WOODRUFF,AR,5147,2.7,72074
2017,YELL,AR,5149,57.4,72828
2017,ALAMEDA,CA,6001,26.4,94586
2017,AMADOR,CA,6005,99.4,95699
2017,BUTTE,CA,6007,106.7,95974
2017,CALAVERAS,CA,6009,70,95226
2017,COLUSA,CA,6011,34.8,95987
2017,CONTRA COSTA,CA,6013,36.2,94569
2017,DEL NORTE,CA,6015,119.3,95531
2017,EL DORADO,CA,6017,55.7,95721
2017,FRESNO,CA,6019,52.8,93641
2017,GLENN,CA,6021,75.4,95943
2017,HUMBOLDT,CA,6023,77.8,95511
2017,IMPERIAL,CA,6025,47.6,92233
2017,INYO,CA,6027,50.3,92384
2017,KERN,CA,6029,54.9,93519
2017,KINGS,CA,6031,59.1,93212
2017,LAKE,CA,6033,90,95485
2017,LASSEN,CA,6035,67.2,96113
2017,LOS ANGELES,CA,6037,29.8,90822
2017,MADERA,CA,6039,42.6,93601
2017,MARIN,CA,6041,32.4,94964
2017,MARIPOSA,CA,6043,55.9,95325
2017,MENDOCINO,CA,6045,89.7,95420
2017,MERCED,CA,6047,56.6,95312
2017,MODOC,CA,6049,82.3,96054
2017,MONO,CA,6051,44.6,93529
2017,MONTEREY,CA,6053,43.9,93960
2017,NAPA,CA,6055,35.1,94573
2017,NEVADA,CA,6057,70.7,95975
2017,ORANGE,CA,6059,37,90742
2017,PLACER,CA,6061,56.5,95728
2017,PLUMAS,CA,6063,63.5,95915
2017,RIVERSIDE,CA,6065,44.8,92225
2017,SACRAMENTO,CA,6067,44.3,95814
2017,SAN BENITO,CA,6069,39.7,95045
2017,SAN BERNARDINO,CA,6071,46.7,92280
2017,SAN DIEGO,CA,6073,34.3,92155
2017,SAN FRANCISCO,CA,6075,27.1,94104
2017,SAN JOAQUIN,CA,6077,47.8,95231
2017,SAN LUIS OBISPO,CA,6079,63.4,93452
2017,SAN MATEO,CA,6081,27,94074
2017,SANTA BARBARA,CA,6083,48.7,93437
2017,SANTA CLARA,CA,6085,20.7,95140
2017,SANTA CRUZ,CA,6087,49.1,95041
2017,SHASTA,CA,6089,102.1,96017
2017,SIERRA,CA,6091,12.4,96111
2017,SISKIYOU,CA,6093,97.5,96014
2017,SOLANO,CA,6095,37.7,94535
2017,SONOMA,CA,6097,46,95431
2017,STANISLAUS,CA,6099,76,95385
2017,SUTTER,CA,6101,95.3,95957
2017,TEHAMA,CA,6103,83.2,96074
2017,TRINITY,CA,6105,81.2,96010
2017,TULARE,CA,6107,58.3,93603
2017,TUOLUMNE,CA,6109,101.6,95327
2017,VENTURA,CA,6111,47.8,93042
2017,YOLO,CA,6113,41.1,95637
2017,YUBA,CA,6115,68.9,95919
2017,ADAMS,CO,8001,47.2,80221
2017,ALAMOSA,CO,8003,120.4,81136
2017,ARAPAHOE,CO,8005,50.3,80137
2017,ARCHULETA,CO,8007,66.2,81121
2017,BACA,CO,8009,78.7,81084
2017,BENT,CO,8011,44.1,81054
2017,BOULDER,CO,8013,42.2,80544
2017,BROOMFIELD,CO,8014,46.4,80020
2017,CHAFFEE,CO,8015,84.3,81211
2017,CHEYENNE,CO,8017,63.4,80862
2017,CLEAR CREEK,CO,8019,31,80476
2017,CONEJOS,CO,8021,0.8,81120
2017,CROWLEY,CO,8025,25.1,81062
2017,DELTA,CO,8029,77,81415
2017,DENVER,CO,8031,35.1,80202
2017,DOUGLAS,CO,8035,45.6,80135
2017,EAGLE,CO,8037,41,80423
2017,ELBERT,CO,8039,31.5,80830
2017,EL PASO,CO,8041,60.2,80913
2017,FREMONT,CO,8043,67.3,81232
2017,GARFIELD,CO,8045,64.8,81650
2017,GRAND,CO,8049,37.7,80482
2017,GUNNISON,CO,8051,44.4,81239
2017,HUERFANO,CO,8055,76.6,81040
2017,JEFFERSON,CO,8059,61.6,80453
2017,KIOWA,CO,8061,97.2,81021
2017,KIT CARSON,CO,8063,45.5,80807
2017,LAKE,CO,8065,44.5,80461
2017,LA PLATA,CO,8067,51.8,81122
2017,LARIMER,CO,8069,52.7,80511
2017,LAS ANIMAS,CO,8071,112.8,81059
2017,LINCOLN,CO,8073,40.8,80828
2017,LOGAN,CO,8075,77.2,80722
2017,MESA,CO,8077,72.1,81525
2017,MOFFAT,CO,8081,96.9,81653
2017,MONTEZUMA,CO,8083,77.2,81335
2017,MONTROSE,CO,8085,76.5,81411
2017,MORGAN,CO,8087,60.4,80649
2017,OTERO,CO,8089,97.7,81030
2017,OURAY,CO,8091,26.2,81427
2017,PITKIN,CO,8097,22.2,81656
2017,PROWERS,CO,8099,73,81092
2017,PUEBLO,CO,8101,97.7,81025
2017,RIO BLANCO,CO,8103,27.5,81648
2017,RIO GRANDE,CO,8105,74.1,81132
2017,ROUTT,CO,8107,47.8,80488
2017,SAN MIGUEL,CO,8113,29.4,81430
2017,SEDGWICK,CO,8115,0.5,80749
2017,SUMMIT,CO,8117,52.7,80497
2017,TELLER,CO,8119,90.7,80860
2017,WELD,CO,8123,49.9,80642
2017,YUMA,CO,8125,60.7,80755
2017,FAIRFIELD,CT,9001,37.2,6856
2017,HARTFORD,CT,9003,48.9,6078
2017,LITCHFIELD,CT,9005,52,6061
2017,MIDDLESEX,CT,9007,54.5,6409
2017,NEW HAVEN,CT,9009,54.2,6702
2017,NEW LONDON,CT,9011,55,6382
2017,TOLLAND,CT,9013,41.3,6071
2017,WINDHAM,CT,9015,61,6332
2017,KENT,DE,10001,64,19902
2017,NEW CASTLE,DE,10003,65,19730
2017,SUSSEX,DE,10005,80.1,19945
2017,DISTRICT OF COLUMBIA,DC,11001,28.5,20373
2017,ALACHUA,FL,12001,65,32603
2017,BAKER,FL,12003,105.4,32087
2017,BAY,FL,12005,113.2,32403
2017,BRADFORD,FL,12007,85,32026
2017,BREVARD,FL,12009,83.7,32925
2017,BROWARD,FL,12011,45.6,33305
2017,CALHOUN,FL,12013,68.4,32424
2017,CHARLOTTE,FL,12015,74.2,33955
2017,CITRUS,FL,12017,102.4,34461
2017,CLAY,FL,12019,79.9,32079
2017,COLLIER,FL,12021,51.3,34141
2017,COLUMBIA,FL,12023,110.5,32025
2017,DE SOTO,FL,12027,56.5,34266
2017,DIXIE,FL,12029,42.2,32628
2017,DUVAL,FL,12031,82.5,32228
2017,ESCAMBIA,FL,12033,101.2,32509
2017,FLAGLER,FL,12035,74.1,32110
2017,FRANKLIN,FL,12037,67.4,32322
2017,GADSDEN,FL,12039,53.2,32324
2017,GILCHRIST,FL,12041,43.4,32693
2017,GLADES,FL,12043,3.5,33471
2017,GULF,FL,12045,90.9,32465
2017,HAMILTON,FL,12047,30.2,32052
2017,HARDEE,FL,12049,34,33834
2017,HENDRY,FL,12051,65.8,33930
2017,HERNANDO,FL,12053,102.5,34602
2017,HIGHLANDS,FL,12055,74.3,33960
2017,HILLSBOROUGH,FL,12057,60,33503
2017,HOLMES,FL,12059,77.3,32425
2017,INDIAN RIVER,FL,12061,90.5,32948
2017,JACKSON,FL,12063,102.7,32447
2017,JEFFERSON,FL,12065,46.8,32344
2017,LAFAYETTE,FL,12067,50.4,32066
2017,LAKE,FL,12069,74.1,34762
2017,LEE,FL,12071,60.8,33921
2017,LEON,FL,12073,65.7,32304
2017,LEVY,FL,12075,98.2,34498
2017,LIBERTY,FL,12077,38.6,32321
2017,MADISON,FL,12079,74.8,32340
2017,MANATEE,FL,12081,70.1,34215
2017,MARION,FL,12083,84.7,32681
2017,MARTIN,FL,12085,70.3,34956
2017,MIAMI-DADE,FL,12086,28,33122
2017,MONROE,FL,12087,74.3,33001
2017,NASSAU,FL,12089,103.2,32009
2017,OKALOOSA,FL,12091,77.7,32542
2017,OKEECHOBEE,FL,12093,91.9,34972
2017,ORANGE,FL,12095,41.4,32831
2017,OSCEOLA,FL,12097,46.3,34739
2017,PALM BEACH,FL,12099,53.4,33493
2017,PASCO,FL,12101,79.7,34637
2017,PINELLAS,FL,12103,73.8,33744
2017,POLK,FL,12105,68,33843
2017,PUTNAM,FL,12107,100.8,32140
2017,SAINT JOHNS,FL,12109,60.6,32095
2017,SAINT LUCIE,FL,12111,61.1,34945
2017,SANTA ROSA,FL,12113,86.6,32583
2017,SARASOTA,FL,12115,72.9,34289
2017,SEMINOLE,FL,12117,52.5,32732
2017,SUMTER,FL,12119,68.9,34785
2017,SUWANNEE,FL,12121,75.9,32071
2017,TAYLOR,FL,12123,112.8,32348
2017,UNION,FL,12125,51.8,32083
2017,VOLUSIA,FL,12127,73.3,32124
2017,WAKULLA,FL,12129,79,32327
2017,WALTON,FL,12131,83.6,32433
2017,WASHINGTON,FL,12133,105.6,32428
2017,APPLING,GA,13001,115.4,31563
2017,ATKINSON,GA,13003,66.2,31650
2017,BACON,GA,13005,172.4,31510
2017,BALDWIN,GA,13009,90.4,31062
2017,BANKS,GA,13011,29.2,30511
2017,BARROW,GA,13013,74,30011
2017,BARTOW,GA,13015,97.9,30171
2017,BEN HILL,GA,13017,176.9,31750
2017,BERRIEN,GA,13019,52.8,31749
2017,BIBB,GA,13021,119.9,31216
2017,BLECKLEY,GA,13023,121.4,31014
2017,BRANTLEY,GA,13025,49.3,31542
2017,BROOKS,GA,13027,84.4,31638
2017,BRYAN,GA,13029,82.3,31308
2017,BULLOCH,GA,13031,77.7,30450
2017,BURKE,GA,13033,77.1,30426
2017,BUTTS,GA,13035,90.2,30216
2017,CALHOUN,GA,13037,1.3,39866
2017,CAMDEN,GA,13039,66.3,31547
2017,CANDLER,GA,13043,149.1,30451
2017,CARROLL,GA,13045,109.1,30170
2017,CATOOSA,GA,13047,104.2,30736
2017,CHARLTON,GA,13049,90.5,31562
2017,CHATHAM,GA,13051,77.6,31409
2017,CHATTOOGA,GA,13055,119.8,30731
2017,CHEROKEE,GA,13057,64.4,30183
2017,CLARKE,GA,13059,90.9,30607
2017,CLAY,GA,13061,43.5,39824
2017,CLAYTON,GA,13063,39.4,30250
2017,CLINCH,GA,13065,146.7,31631
2017,COBB,GA,13067,54.4,30008
2017,COFFEE,GA,13069,174.1,31554
2017,COLQUITT,GA,13071,84.9,31637
2017,COLUMBIA,GA,13073,72.5,30813
2017,COOK,GA,13075,106.3,31627
2017,COWETA,GA,13077,74.1,30276
2017,CRAWFORD,GA,13079,0.7,31050
2017,CRISP,GA,13081,168,31712
2017,DADE,GA,13083,61.4,30752
2017,DAWSON,GA,13085,142.7,30534
2017,DECATUR,GA,13087,111.8,39825
2017,DEKALB,GA,13089,40.6,30346
2017,DODGE,GA,13091,87.8,31012
2017,DOOLY,GA,13093,0.7,31091
2017,DOUGHERTY,GA,13095,104.8,31705
2017,DOUGLAS,GA,13097,84.7,30187
2017,EARLY,GA,13099,113,39861
2017,EFFINGHAM,GA,13103,72.3,31326
2017,ELBERT,GA,13105,137.4,30624
2017,EMANUEL,GA,13107,109.4,30471
2017,EVANS,GA,13109,115.8,30417
2017,FANNIN,GA,13111,128.5,30555
2017,FAYETTE,GA,13113,79.2,30205
2017,FLOYD,GA,13115,133.8,30105
2017,FORSYTH,GA,13117,47,30107
2017,FRANKLIN,GA,13119,111.3,30521
2017,FULTON,GA,13121,44.2,30313
2017,GILMER,GA,13123,116.1,30522
2017,GLYNN,GA,13127,93.7,31527
2017,GORDON,GA,13129,106.5,30746
2017,GRADY,GA,13131,77.7,39828
2017,GREENE,GA,13133,129,30678
2017,GWINNETT,GA,13135,43.5,30093
2017,HABERSHAM,GA,13137,98.9,30535
2017,HALL,GA,13139,87.1,30504
2017,HANCOCK,GA,13141,43.7,31087
2017,HARALSON,GA,13143,180.2,30179
2017,HARRIS,GA,13145,4.7,31804
2017,HART,GA,13147,100.5,30516
2017,HEARD,GA,13149,0.5,30217
2017,HENRY,GA,13151,70.6,30252
2017,HOUSTON,GA,13153,85.7,31098
2017,IRWIN,GA,13155,50,31798
2017,JACKSON,GA,13157,109.1,30575
2017,JASPER,GA,13159,55.4,31038
2017,JEFF DAVIS,GA,13161,84,31532
2017,JEFFERSON,GA,13163,112.9,30818
2017,JENKINS,GA,13165,27.2,30822
2017,JOHNSON,GA,13167,3,31096
2017,JONES,GA,13169,51.7,31032
2017,LAMAR,GA,13171,61.5,30257
2017,LANIER,GA,13173,68.2,31649
2017,LAURENS,GA,13175,116.8,31009
2017,LEE,GA,13177,46.4,31763
2017,LIBERTY,GA,13179,52.9,31314
2017,LINCOLN,GA,13181,32.9,30817
2017,LONG,GA,13183,0.1,31316
2017,LOWNDES,GA,13185,86,31699
2017,LUMPKIN,GA,13187,73.9,30533
2017,MCDUFFIE,GA,13189,142.9,30808
2017,MCINTOSH,GA,13191,64.8,31327
2017,MACON,GA,13193,67.7,31068
2017,MADISON,GA,13195,91.9,30629
2017,MARION,GA,13197,17.2,31801
2017,MERIWETHER,GA,13199,74.7,30218
2017,MILLER,GA,13201,101.6,39841
2017,MITCHELL,GA,13205,92.9,31779
2017,MONROE,GA,13207,65.6,31046
2017,MONTGOMERY,GA,13209,46.2,30470
2017,MORGAN,GA,13211,77.4,30625
2017,MURRAY,GA,13213,85.1,30708
2017,MUSCOGEE,GA,13215,86.5,31901
2017,NEWTON,GA,13217,75.8,30054
2017,OCONEE,GA,13219,59.4,30621
2017,OGLETHORPE,GA,13221,36.1,30619
2017,PAULDING,GA,13223,53.5,30132
2017,PEACH,GA,13225,79.1,31030
2017,PICKENS,GA,13227,111.5,30177
2017,PIERCE,GA,13229,62.5,31551
2017,PIKE,GA,13231,10.8,30256
2017,POLK,GA,13233,151.6,30104
2017,PULASKI,GA,13235,90.5,31036
2017,PUTNAM,GA,13237,62.3,31024
2017,RABUN,GA,13241,145.8,30573
2017,RANDOLPH,GA,13243,123.5,39840
2017,RICHMOND,GA,13245,77.1,30905
2017,ROCKDALE,GA,13247,73.5,30012
2017,SCHLEY,GA,13249,1.5,31806
2017,SCREVEN,GA,13251,60.2,30449
2017,SEMINOLE,GA,13253,150.1,39845
2017,SPALDING,GA,13255,121.9,30284
2017,STEPHENS,GA,13257,153.4,30557
2017,STEWART,GA,13259,54.6,31815
2017,SUMTER,GA,13261,108.4,31735
2017,TATTNALL,GA,13267,52.9,30453
2017,TAYLOR,GA,13269,88.1,31081
2017,TELFAIR,GA,13271,60.3,31055
2017,TERRELL,GA,13273,41.4,39826
2017,THOMAS,GA,13275,102.8,31773
2017,TIFT,GA,13277,134.1,31795
2017,TOOMBS,GA,13279,128.3,30436
2017,TOWNS,GA,13281,87.6,30582
2017,TREUTLEN,GA,13283,73.6,30457
2017,TROUP,GA,13285,94.2,31833
2017,TURNER,GA,13287,93.7,31790
2017,TWIGGS,GA,13289,0.7,31020
2017,UNION,GA,13291,106,30512
2017,UPSON,GA,13293,137.9,30286
2017,WALKER,GA,13295,46.8,30739
2017,WALTON,GA,13297,100.9,30025
2017,WARE,GA,13299,212.7,31552
2017,WASHINGTON,GA,13303,85.5,31018
2017,WAYNE,GA,13305,136.1,31546
2017,WEBSTER,GA,13307,45.8,31832
2017,WHEELER,GA,13309,2.4,30411
2017,WHITE,GA,13311,92,30571
2017,WHITFIELD,GA,13313,86.6,30756
2017,WILCOX,GA,13315,2.8,31001
2017,WILKES,GA,13317,112.9,30660
2017,WILKINSON,GA,13319,82.3,31042
2017,WORTH,GA,13321,83.6,31789
2017,HAWAII,HI,15001,58.4,96774
2017,HONOLULU,HI,15003,29.4,96863
2017,KAUAI,HI,15007,48.9,96751
2017,MAUI,HI,15009,51.3,96713
2017,ADA,ID,16001,64.5,83634
2017,BANNOCK,ID,16005,93.2,83209
2017,BEAR LAKE,ID,16007,105.2,83233
2017,BENEWAH,ID,16009,69.7,83866
2017,BINGHAM,ID,16011,61.6,83262
2017,BLAINE,ID,16013,44.4,83353
2017,BONNER,ID,16017,56.1,83825
2017,BONNEVILLE,ID,16019,83.6,83428
2017,BOUNDARY,ID,16021,89.5,83847
2017,BUTTE,ID,16023,83.9,83213
2017,CANYON,ID,16027,69.2,83687
2017,CARIBOU,ID,16029,94.1,83217
2017,CASSIA,ID,16031,93.2,83312
2017,CLEARWATER,ID,16035,90.3,83544
2017,CUSTER,ID,16037,26,83227
2017,ELMORE,ID,16039,64.5,83648
2017,FRANKLIN,ID,16041,70,83283
2017,FREMONT,ID,16043,30.4,83445
2017,GEM,ID,16045,101.9,83670
2017,GOODING,ID,16047,50.9,83355
2017,IDAHO,ID,16049,43.3,83671
2017,JEFFERSON,ID,16051,35.8,83435
2017,JEROME,ID,16053,63.1,83335
2017,KOOTENAI,ID,16055,85,83833
2017,LATAH,ID,16057,55.5,83834
2017,LEMHI,ID,16059,91.5,83462
2017,LEWIS,ID,16061,7.4,83555
2017,LINCOLN,ID,16063,13.4,83349
2017,MADISON,ID,16065,50.9,83448
2017,MINIDOKA,ID,16067,29.2,83347
2017,NEZ PERCE,ID,16069,110.3,83524
2017,ONEIDA,ID,16071,95,83252
2017,OWYHEE,ID,16073,30.3,83650
2017,PAYETTE,ID,16075,43.9,83661
2017,POWER,ID,16077,64.9,83271
2017,SHOSHONE,ID,16079,95.5,83802
2017,TETON,ID,16081,49.9,83424
2017,TWIN FALLS,ID,16083,91.9,83321
2017,VALLEY,ID,16085,84.9,83677
2017,WASHINGTON,ID,16087,100.8,83610
2017,ADAMS,IL,17001,120.3,62325
2017,BOND,IL,17005,45.6,62246
2017,BOONE,IL,17007,46.4,61012
2017,BROWN,IL,17009,1.8,62353
2017,BUREAU,IL,17011,26.5,61322
2017,CALHOUN,IL,17013,2,62053
2017,CARROLL,IL,17015,32.4,61074
2017,CASS,IL,17017,20.5,62618
2017,CHAMPAIGN,IL,17019,58.8,61852
2017,CHRISTIAN,IL,17021,72.5,62083
2017,CLARK,IL,17023,22,62477
2017,CLAY,IL,17025,62.9,62434
2017,CLINTON,IL,17027,31.2,62266
2017,COLES,IL,17029,87.6,61931
2017,COOK,IL,17031,37.2,60141
2017,CRAWFORD,IL,17033,26.5,62454
2017,CUMBERLAND,IL,17035,0.6,62445
2017,DEKALB,IL,17037,53.4,60145
2017,DE WITT,IL,17039,76.5,61750
2017,DOUGLAS,IL,17041,29.8,61956
2017,DUPAGE,IL,17043,42.2,60157
2017,EDGAR,IL,17045,76.4,61955
2017,EDWARDS,IL,17047,82.9,62818
2017,EFFINGHAM,IL,17049,65.6,62443
2017,FAYETTE,IL,17051,54.3,62880
2017,FORD,IL,17053,3.5,60962
2017,FRANKLIN,IL,17055,109.5,62825
2017,FULTON,IL,17057,68.7,61433
2017,GALLATIN,IL,17059,0.6,62871
2017,GREENE,IL,17061,2.3,62054
2017,GRUNDY,IL,17063,80.4,60444
2017,HAMILTON,IL,17065,2,62859
2017,HANCOCK,IL,17067,20.1,62336
2017,HARDIN,IL,17069,203.8,62919
2017,HENRY,IL,17073,55.3,61274
2017,IROQUOIS,IL,17075,52.1,60918
2017,JACKSON,IL,17077,91.5,62975
2017,JASPER,IL,17079,38.3,62432
2017,JEFFERSON,IL,17081,104.9,62846
2017,JERSEY,IL,17083,109.9,62037
2017,JO DAVIESS,IL,17085,27.5,61001
2017,JOHNSON,IL,17087,25.8,62995
2017,KANE,IL,17089,37.5,60539
2017,KANKAKEE,IL,17091,76.3,60969
2017,KENDALL,IL,17093,47.8,60536
2017,KNOX,IL,17095,96.5,61485
2017,LAKE,IL,17097,47.5,60088
2017,LA SALLE,IL,17099,76.6,60551
2017,LAWRENCE,IL,17101,76.6,62466
2017,LEE,IL,17103,58.9,61324
2017,LIVINGSTON,IL,17105,71.3,61313
2017,LOGAN,IL,17107,68.1,62518
2017,MCDONOUGH,IL,17109,77.4,61411
2017,MCHENRY,IL,17111,56.8,60097
2017,MCLEAN,IL,17113,52.7,61772
2017,MACON,IL,17115,86.5,62523
2017,MACOUPIN,IL,17117,33.5,62630
2017,MADISON,IL,17119,97.2,62061
2017,MARION,IL,17121,117.7,62807
2017,MARSHALL,IL,17123,48.3,61424
2017,MASON,IL,17125,55.2,62682
2017,MASSAC,IL,17127,136.4,62908
2017,MENARD,IL,17129,25.3,62642
2017,MERCER,IL,17131,18,61466
2017,MONROE,IL,17133,71.4,62298
2017,MONTGOMERY,IL,17135,106.1,62049
2017,MORGAN,IL,17137,114.3,62601
2017,MOULTRIE,IL,17139,30.8,61928
2017,OGLE,IL,17141,22.5,61043
2017,PEORIA,IL,17143,69.2,61602
2017,PERRY,IL,17145,48.5,62274
2017,PIATT,IL,17147,27.5,61929
2017,PIKE,IL,17149,25.6,62314
2017,POPE,IL,17151,37.2,62938
2017,PULASKI,IL,17153,68.3,62992
2017,PUTNAM,IL,17155,24.7,61327
2017,RANDOLPH,IL,17157,63.9,62233
2017,RICHLAND,IL,17159,79.6,62419
2017,ROCK ISLAND,IL,17161,75.9,61236
2017,SAINT CLAIR,IL,17163,69,62289
2017,SALINE,IL,17165,192.8,62977
2017,SANGAMON,IL,17167,85.4,62701
2017,SCHUYLER,IL,17169,1.4,62681
2017,SHELBY,IL,17173,30.1,62431
2017,STEPHENSON,IL,17177,73.2,61060
2017,TAZEWELL,IL,17179,81.8,61721
2017,UNION,IL,17181,142.7,62998
2017,VERMILION,IL,17183,85.1,61831
2017,WABASH,IL,17185,91,62852
2017,WARREN,IL,17187,69.8,61417
2017,WASHINGTON,IL,17189,28.8,62831
2017,WAYNE,IL,17191,72.5,62843
2017,WHITE,IL,17193,91.9,62862
2017,WHITESIDE,IL,17195,54,61251
2017,WILL,IL,17197,50,60468
2017,WILLIAMSON,IL,17199,134.3,62949
2017,WINNEBAGO,IL,17201,86,61079
2017,WOODFORD,IL,17203,27.4,61545
2017,ADAMS,IN,18001,56.9,46711
2017,ALLEN,IN,18003,66.8,46802
2017,BARTHOLOMEW,IN,18005,81.4,47232
2017,BENTON,IN,18007,20.1,47917
2017,BLACKFORD,IN,18009,71.5,47359
2017,BOONE,IN,18011,56.5,46071
2017,BROWN,IN,18013,32.9,46160
2017,CARROLL,IN,18015,23,46913
2017,CASS,IN,18017,60.5,46967
2017,CLARK,IN,18019,90.9,47126
2017,CLAY,IN,18021,83.5,47846
2017,CLINTON,IN,18023,61.2,46058
2017,CRAWFORD,IN,18025,45.3,47116
2017,DAVIESS,IN,18027,71.8,47519
2017,DEARBORN,IN,18029,80.5,47032
2017,DECATUR,IN,18031,58.2,47240
2017,DE KALB,IN,18033,56.8,46785
2017,DELAWARE,IN,18035,88,47342
2017,DUBOIS,IN,18037,90.5,47575
2017,ELKHART,IN,18039,61.8,46543
2017,FAYETTE,IN,18041,103.4,46133
2017,FLOYD,IN,18043,115.9,47122
2017,FOUNTAIN,IN,18045,97.8,47969
2017,FRANKLIN,IN,18047,44.3,47035
2017,FULTON,IN,18049,83.6,46922
2017,GIBSON,IN,18051,80.8,47654
2017,GRANT,IN,18053,91.4,46987
2017,GREENE,IN,18055,75.4,47457
2017,HAMILTON,IN,18057,46.9,46290
2017,HANCOCK,IN,18059,67.5,46117
2017,HARRISON,IN,18061,89.2,47114
2017,HENDRICKS,IN,18063,65,46165
2017,HENRY,IN,18065,86.3,47360
2017,HOWARD,IN,18067,113.4,46979
2017,HUNTINGTON,IN,18069,69.3,46702
2017,JACKSON,IN,18071,73.9,47281
2017,JASPER,IN,18073,113.9,47978
2017,JAY,IN,18075,79.1,47326
2017,JEFFERSON,IN,18077,99,47230
2017,JENNINGS,IN,18079,86,47282
2017,JOHNSON,IN,18081,75.8,46181
2017,KNOX,IN,18083,113.1,47535
2017,KOSCIUSKO,IN,18085,64.2,46555
2017,LAGRANGE,IN,18087,20.6,46746
2017,LAKE,IN,18089,74.9,46311
2017,LA PORTE,IN,18091,89.1,46391
2017,LAWRENCE,IN,18093,113.6,47467
2017,MADISON,IN,18095,98.9,46064
2017,MARION,IN,18097,65.3,46204
2017,MARSHALL,IN,18099,79.6,46537
2017,MARTIN,IN,18101,88.2,47553
2017,MIAMI,IN,18103,58.7,46958
2017,MONROE,IN,18105,63.9,47464
2017,MONTGOMERY,IN,18107,92,47967
2017,MORGAN,IN,18109,101.3,46125
2017,NEWTON,IN,18111,21,46381
2017,NOBLE,IN,18113,68.5,46760
2017,OHIO,IN,18115,3.6,47040
2017,ORANGE,IN,18117,86.7,47469
2017,OWEN,IN,18119,66.5,47868
2017,PARKE,IN,18121,33.7,47836
2017,PERRY,IN,18123,92.7,47514
2017,PIKE,IN,18125,79.1,47590
2017,PORTER,IN,18127,83.2,46301
2017,POSEY,IN,18129,48.7,47612
2017,PULASKI,IN,18131,56.5,46960
2017,PUTNAM,IN,18133,55.1,46128
2017,RANDOLPH,IN,18135,67.6,47354
2017,RIPLEY,IN,18137,99.6,47017
2017,RUSH,IN,18139,68.7,46146
2017,SAINT JOSEPH,IN,18141,71.8,46616
2017,SCOTT,IN,18143,124.4,47102
2017,SHELBY,IN,18145,70.1,46130
2017,SPENCER,IN,18147,27.2,47531
2017,STARKE,IN,18149,104.5,46366
2017,STEUBEN,IN,18151,74,46747
2017,SULLIVAN,IN,18153,75.8,47838
2017,SWITZERLAND,IN,18155,39.7,47011
2017,TIPPECANOE,IN,18157,63.7,47901
2017,TIPTON,IN,18159,47.4,46045
2017,UNION,IN,18161,43.9,47003
2017,VANDERBURGH,IN,18163,121.5,47708
2017,VERMILLION,IN,18165,78.5,47854
2017,VIGO,IN,18167,95,47880
2017,WABASH,IN,18169,84.6,46990
2017,WARRICK,IN,18173,75.7,47601
2017,WASHINGTON,IN,18175,70.9,47167
2017,WAYNE,IN,18177,82.8,47393
2017,WELLS,IN,18179,67.1,46781
2017,WHITE,IN,18181,72.3,47950
2017,WHITLEY,IN,18183,78.1,46783
2017,ADAIR,IA,19001,42.1,50837
2017,ADAMS,IA,19003,67.6,50857
2017,ALLAMAKEE,IA,19005,30.7,52146
2017,APPANOOSE,IA,19007,103.5,52574
2017,AUDUBON,IA,19009,55,50117
2017,BENTON,IA,19011,10.8,52313
2017,BLACK HAWK,IA,19013,63.5,50707
2017,BOONE,IA,19015,56.6,50223
2017,BREMER,IA,19017,43.2,50676
2017,BUCHANAN,IA,19019,32.2,50671
2017,BUENA VISTA,IA,19021,37.4,50576
2017,BUTLER,IA,19023,17.1,50625
2017,CALHOUN,IA,19025,67.4,50579
2017,CARROLL,IA,19027,87.8,51436
2017,CASS,IA,19029,90.2,51535
2017,CEDAR,IA,19031,17.3,52337
2017,CERRO GORDO,IA,19033,82.3,50464
2017,CHEROKEE,IA,19035,38.6,51029
2017,CHICKASAW,IA,19037,22.7,50603
2017,CLARKE,IA,19039,94.7,50275
2017,CLAY,IA,19041,100.2,51341
2017,CLAYTON,IA,19043,20.3,52156
2017,CLINTON,IA,19045,71.9,52730
2017,CRAWFORD,IA,19047,58.3,51520
2017,DALLAS,IA,19049,19.7,50039
2017,DAVIS,IA,19051,53.6,52584
2017,DECATUR,IA,19053,54.2,50264
2017,DELAWARE,IA,19055,39.6,52237
2017,DES MOINES,IA,19057,85.2,52660
2017,DICKINSON,IA,19059,76.2,51363
2017,DUBUQUE,IA,19061,51.4,52073
2017,EMMET,IA,19063,52,50578
2017,FAYETTE,IA,19065,60.4,52142
2017,FLOYD,IA,19067,53,50653
2017,FRANKLIN,IA,19069,1.1,50431
2017,FREMONT,IA,19071,34.8,51650
2017,GREENE,IA,19073,86.9,50064
2017,GRUNDY,IA,19075,35.5,50673
2017,GUTHRIE,IA,19077,9,50128
2017,HAMILTON,IA,19079,55.9,50132
2017,HANCOCK,IA,19081,0.1,50439
2017,HARDIN,IA,19083,52.6,50102
2017,HARRISON,IA,19085,60.6,51550
2017,HENRY,IA,19087,65.3,52630
2017,HOWARD,IA,19089,28,52134
2017,HUMBOLDT,IA,19091,52.4,50520
2017,IDA,IA,19093,65.5,51006
2017,IOWA,IA,19095,28.8,52307
2017,JACKSON,IA,19097,31.5,52207
2017,JASPER,IA,19099,60.2,50168
2017,JEFFERSON,IA,19101,81.5,52557
2017,JOHNSON,IA,19103,28.7,52242
2017,JONES,IA,19105,37,52305
2017,KOSSUTH,IA,19109,34.4,50451
2017,LEE,IA,19111,110.2,52619
2017,LINN,IA,19113,56.5,52401
2017,LOUISA,IA,19115,18.8,52738
2017,LUCAS,IA,19117,86.4,50272
2017,LYON,IA,19119,24.6,51235
2017,MADISON,IA,19121,76.2,50033
2017,MAHASKA,IA,19123,69.9,50027
2017,MARION,IA,19125,56.9,50252
2017,MARSHALL,IA,19127,67.6,50120
2017,MILLS,IA,19129,49.2,51554
2017,MITCHELL,IA,19131,21.6,50454
2017,MONONA,IA,19133,86.6,51051
2017,MONROE,IA,19135,76.5,52569
2017,MONTGOMERY,IA,19137,83.8,51573
2017,MUSCATINE,IA,19139,56,52766
2017,OBRIEN,IA,19141,59.9,51231
2017,OSCEOLA,IA,19143,33.9,51350
2017,PAGE,IA,19145,100.7,51632
2017,PALO ALTO,IA,19147,34.1,50528
2017,PLYMOUTH,IA,19149,42,51062
2017,POCAHONTAS,IA,19151,58,50573
2017,POLK,IA,19153,70.1,50237
2017,POTTAWATTAMIE,IA,19155,80.3,51542
2017,POWESHIEK,IA,19157,51.2,52221
2017,RINGGOLD,IA,19159,62.3,50074
2017,SAC,IA,19161,15.6,50567
2017,SCOTT,IA,19163,64.3,52801
2017,SHELBY,IA,19165,53.3,51447
2017,SIOUX,IA,19167,22.7,51234
2017,STORY,IA,19169,37.6,50243
2017,TAMA,IA,19171,27.2,50652
2017,TAYLOR,IA,19173,14.5,50862
2017,UNION,IA,19175,115.6,50254
2017,VAN BUREN,IA,19177,0.4,52651
2017,WAPELLO,IA,19179,99.7,52554
2017,WARREN,IA,19181,38.4,50229
2017,WASHINGTON,IA,19183,41,52201
2017,WAYNE,IA,19185,65.3,50165
2017,WEBSTER,IA,19187,75.9,50594
2017,WINNEBAGO,IA,19189,51.2,50473
2017,WINNESHIEK,IA,19191,44,52165
2017,WOODBURY,IA,19193,65.6,51111
2017,WORTH,IA,19195,0.7,50440
2017,WRIGHT,IA,19197,38.5,50599
2017,ALLEN,KS,20001,96.8,66732
2017,ANDERSON,KS,20003,0.8,66015
2017,ATCHISON,KS,20005,95.1,66016
2017,BARBER,KS,20007,3,67061
2017,BARTON,KS,20009,99.3,67567
2017,BOURBON,KS,20011,105.6,66780
2017,BROWN,KS,20013,46.5,66532
2017,BUTLER,KS,20015,88.9,67144
2017,CHAUTAUQUA,KS,20019,9,67360
2017,CHEROKEE,KS,20021,36.3,66782
2017,CHEYENNE,KS,20023,104.3,67731
2017,CLARK,KS,20025,0.8,67831
2017,CLAY,KS,20027,78.2,67458
2017,CLOUD,KS,20029,38.6,67417
2017,COFFEY,KS,20031,3.1,66857
2017,COMANCHE,KS,20033,0.6,67155
2017,COWLEY,KS,20035,91.7,67156
2017,CRAWFORD,KS,20037,93.5,66711
2017,DECATUR,KS,20039,59.8,67643
2017,DICKINSON,KS,20041,1.7,67482
2017,DOUGLAS,KS,20045,59.1,66050
2017,EDWARDS,KS,20047,64.2,67547
2017,ELK,KS,20049,3,67346
2017,ELLIS,KS,20051,95.9,67667
2017,ELLSWORTH,KS,20053,67.1,67439
2017,FINNEY,KS,20055,67.2,67868
2017,FORD,KS,20057,67.4,67843
2017,FRANKLIN,KS,20059,94.7,66095
2017,GEARY,KS,20061,56.5,66514
2017,GOVE,KS,20063,49.1,67751
2017,GRAHAM,KS,20065,118.5,67659
2017,GRANT,KS,20067,45.3,67880
2017,GRAY,KS,20069,19.6,67853
2017,GREELEY,KS,20071,95.1,67879
2017,GREENWOOD,KS,20073,1.2,67122
2017,HAMILTON,KS,20075,37.7,67857
2017,HARPER,KS,20077,70.7,67049
2017,HARVEY,KS,20079,80.9,67020
2017,HASKELL,KS,20081,2.3,67877
2017,HODGEMAN,KS,20083,0.7,67849
2017,JACKSON,KS,20085,46,66416
2017,JEFFERSON,KS,20087,0.8,66060
2017,JEWELL,KS,20089,0.4,66941
2017,JOHNSON,KS,20091,59.1,66031
2017,KEARNY,KS,20093,40.4,67860
2017,KIOWA,KS,20097,75.5,67054
2017,LABETTE,KS,20099,100.2,67332
2017,LANE,KS,20101,75.5,67850
2017,LEAVENWORTH,KS,20103,39.8,66043
2017,LINCOLN,KS,20105,0.5,67481
2017,LINN,KS,20107,3.8,66010
2017,LOGAN,KS,20109,65.9,67764
2017,LYON,KS,20111,71,66854
2017,MCPHERSON,KS,20113,75.9,67443
2017,MARION,KS,20115,29.9,66858
2017,MARSHALL,KS,20117,31.7,66541
2017,MEADE,KS,20119,0.9,67869
2017,MIAMI,KS,20121,42.3,66026
2017,MITCHELL,KS,20123,86.3,67478
2017,MONTGOMERY,KS,20125,115.7,67340
2017,MORRIS,KS,20127,1.7,66838
2017,MORTON,KS,20129,115.6,67953
2017,NEMAHA,KS,20131,26.5,66428
2017,NEOSHO,KS,20133,45.6,66776
2017,NESS,KS,20135,103.7,67518
2017,NORTON,KS,20137,85.2,67629
2017,OSAGE,KS,20139,1.9,66413
2017,OSBORNE,KS,20141,148.7,67437
2017,OTTAWA,KS,20143,0.8,67484
2017,PAWNEE,KS,20145,45.9,67550
2017,PHILLIPS,KS,20147,2.5,67664
2017,POTTAWATOMIE,KS,20149,0.7,66422
2017,PRATT,KS,20151,159.9,67028
2017,RAWLINS,KS,20153,0.6,67739
2017,RENO,KS,20155,97.5,67566
2017,REPUBLIC,KS,20157,2.4,66940
2017,RICE,KS,20159,39.7,67512
2017,RILEY,KS,20161,62.5,66442
2017,ROOKS,KS,20163,2.4,67675
2017,RUSH,KS,20165,46.2,67520
2017,RUSSELL,KS,20167,2.5,67649
2017,SALINE,KS,20169,125,67442
2017,SCOTT,KS,20171,90.4,67871
2017,SEDGWICK,KS,20173,93.1,67202
2017,SEWARD,KS,20175,99.5,67859
2017,SHAWNEE,KS,20177,90.9,66622
2017,SHERIDAN,KS,20179,1.3,67757
2017,SHERMAN,KS,20181,78.8,67733
2017,SMITH,KS,20183,116,67628
2017,STANTON,KS,20187,88.4,67862
2017,STEVENS,KS,20189,22,67951
2017,SUMNER,KS,20191,65.9,67105
2017,THOMAS,KS,20193,83.9,67734
2017,TREGO,KS,20195,130.7,67656
2017,WALLACE,KS,20199,40.6,67758
2017,WASHINGTON,KS,20201,84.4,66955
2017,WILSON,KS,20205,72,66714
2017,WOODSON,KS,20207,0.8,66761
2017,WYANDOTTE,KS,20209,60.9,66105
2017,ADAIR,KY,21001,99.1,42753
2017,ALLEN,KY,21003,79.9,42120
2017,ANDERSON,KY,21005,78.2,40342
2017,BALLARD,KY,21007,80.6,42022
2017,BARREN,KY,21009,115,42156
2017,BATH,KY,21011,47.9,40374
2017,BELL,KY,21013,228.4,40939
2017,BOONE,KY,21015,80.3,41080
2017,BOURBON,KY,21017,90.8,40348
2017,BOYD,KY,21019,78.6,41129
2017,BOYLE,KY,21021,93.8,40464
2017,BRACKEN,KY,21023,16.6,41043
2017,BREATHITT,KY,21025,173.5,41348
2017,BRECKINRIDGE,KY,21027,36.2,40170
2017,BULLITT,KY,21029,63.1,40150
2017,BUTLER,KY,21031,72.7,42273
2017,CALDWELL,KY,21033,124,42411
2017,CALLOWAY,KY,21035,86.7,42020
2017,CAMPBELL,KY,21037,76.8,41059
2017,CARLISLE,KY,21039,65.3,42035
2017,CARROLL,KY,21041,137.9,41045
2017,CARTER,KY,21043,65.5,41146
2017,CASEY,KY,21045,86.1,42516
2017,CHRISTIAN,KY,21047,56.2,42223
2017,CLARK,KY,21049,90.5,40391
2017,CLAY,KY,21051,187.4,40913
2017,CLINTON,KY,21053,131.6,42602
2017,CRITTENDEN,KY,21055,100.7,42037
2017,CUMBERLAND,KY,21057,148.6,42717
2017,DAVIESS,KY,21059,91.4,42378
2017,EDMONSON,KY,21061,61.5,42259
2017,ELLIOTT,KY,21063,33.9,41171
2017,ESTILL,KY,21065,132.1,40472
2017,FAYETTE,KY,21067,55.6,40510
2017,FLEMING,KY,21069,61.1,41049
2017,FLOYD,KY,21071,215.9,41622
2017,FRANKLIN,KY,21073,81.9,40604
2017,FULTON,KY,21075,157.7,42050
2017,GALLATIN,KY,21077,37.5,41046
2017,GARRARD,KY,21079,41.9,40444
2017,GRANT,KY,21081,100.6,41052
2017,GRAVES,KY,21083,87.9,42082
2017,GRAYSON,KY,21085,122,42762
2017,GREEN,KY,21087,57.4,42743
2017,GREENUP,KY,21089,60,41144
2017,HANCOCK,KY,21091,24.3,42348
2017,HARDIN,KY,21093,80.9,40121
2017,HARLAN,KY,21095,120.8,40964
2017,HARRISON,KY,21097,78.4,41003
2017,HART,KY,21099,57.3,42722
2017,HENDERSON,KY,21101,127,42451
2017,HENRY,KY,21103,54.9,40070
2017,HICKMAN,KY,21105,53.9,42031
2017,HOPKINS,KY,21107,121.4,42441
2017,JACKSON,KY,21109,51.1,40434
2017,JEFFERSON,KY,21111,76.5,40280
2017,JESSAMINE,KY,21113,78.9,40390
2017,JOHNSON,KY,21115,168.1,41268
2017,KENTON,KY,21117,66.4,41016
2017,KNOTT,KY,21119,81.5,41643
2017,KNOX,KY,21121,82.1,40949
2017,LARUE,KY,21123,78.4,42748
2017,LAUREL,KY,21125,89.4,40740
2017,LAWRENCE,KY,21127,90.1,41264
2017,LEE,KY,21129,132.3,41311
2017,LESLIE,KY,21131,177.5,40816
2017,LETCHER,KY,21133,126.7,41849
2017,LEWIS,KY,21135,18.7,41189
2017,LINCOLN,KY,21137,62.9,40489
2017,LIVINGSTON,KY,21139,5.3,42047
2017,LOGAN,KY,21141,102.3,42206
2017,LYON,KY,21143,106.9,42038
2017,MCCRACKEN,KY,21145,162.4,42053
2017,MCCREARY,KY,21147,120.9,42635
2017,MCLEAN,KY,21149,81.5,42327
2017,MADISON,KY,21151,74.9,40461
2017,MAGOFFIN,KY,21153,135.7,41632
2017,MARION,KY,21155,97.2,40063
2017,MARSHALL,KY,21157,101.5,42048
2017,MARTIN,KY,21159,133.8,41224
2017,MASON,KY,21161,95,41055
2017,MEADE,KY,21163,53.2,40104
2017,MENIFEE,KY,21165,37.8,40387
2017,MERCER,KY,21167,81.4,40310
2017,METCALFE,KY,21169,67,42214
2017,MONROE,KY,21171,104.1,42151
2017,MONTGOMERY,KY,21173,130.7,40337
2017,MORGAN,KY,21175,82.3,41472
2017,MUHLENBERG,KY,21177,97.9,42332
2017,NELSON,KY,21179,85.2,40052
2017,NICHOLAS,KY,21181,28.8,40350
2017,OHIO,KY,21183,99.5,42369
2017,OLDHAM,KY,21185,52,40031
2017,OWEN,KY,21187,36.5,41098
2017,OWSLEY,KY,21189,229.3,41314
2017,PENDLETON,KY,21191,46.8,41033
2017,PERRY,KY,21193,198.7,41760
2017,PIKE,KY,21195,191.4,41538
2017,POWELL,KY,21197,141,40380
2017,PULASKI,KY,21199,83.4,42519
2017,ROCKCASTLE,KY,21203,69.4,40460
2017,ROWAN,KY,21205,96.9,40351
2017,RUSSELL,KY,21207,110.7,42629
2017,SCOTT,KY,21209,70.9,40370
2017,SHELBY,KY,21211,61.8,40076
2017,SIMPSON,KY,21213,90.1,42134
2017,SPENCER,KY,21215,38.2,40046
2017,TAYLOR,KY,21217,92.5,42718
2017,TODD,KY,21219,5,42286
2017,TRIGG,KY,21221,65.9,42211
2017,TRIMBLE,KY,21223,52.8,40045
2017,UNION,KY,21225,113.7,42437
2017,WARREN,KY,21227,83.5,42102
2017,WASHINGTON,KY,21229,40,40078
2017,WAYNE,KY,21231,113.5,42633
2017,WEBSTER,KY,21233,82.1,42455
2017,WHITLEY,KY,21235,220.9,40763
2017,WOLFE,KY,21237,122.7,41360
2017,WOODFORD,KY,21239,59.3,40383
2017,ACADIA,LA,22001,72.1,70516
2017,ALLEN,LA,22003,83.4,70651
2017,ASCENSION,LA,22005,85.1,70734
2017,ASSUMPTION,LA,22007,29.2,70372
2017,AVOYELLES,LA,22009,112.9,71339
2017,BEAUREGARD,LA,22011,71.1,70660
2017,BIENVILLE,LA,22013,60.4,71008
2017,BOSSIER,LA,22015,89.1,71110
2017,CADDO,LA,22017,105.6,71044
2017,CALCASIEU,LA,22019,97.3,70646
2017,CALDWELL,LA,22021,46.7,71441
2017,CATAHOULA,LA,22025,100.2,71340
2017,CLAIBORNE,LA,22027,94.9,71040
2017,CONCORDIA,LA,22029,91.5,71377
2017,DE SOTO,LA,22031,66.1,71078
2017,EAST BATON ROUGE,LA,22033,81.7,70801
2017,EAST CARROLL,LA,22035,92.8,71254
2017,EAST FELICIANA,LA,22037,41,70748
2017,EVANGELINE,LA,22039,171.3,70576
2017,FRANKLIN,LA,22041,110.8,71243
2017,GRANT,LA,22043,44.6,71467
2017,IBERIA,LA,22045,88.2,70513
2017,IBERVILLE,LA,22047,73.3,70776
2017,JACKSON,LA,22049,73.2,71251
2017,JEFFERSON,LA,22051,95.7,70036
2017,JEFFERSON DAVIS,LA,22053,88.4,70650
2017,LAFAYETTE,LA,22055,86.6,70583
2017,LAFOURCHE,LA,22057,86.7,70357
2017,LA SALLE,LA,22059,105.9,71480
2017,LINCOLN,LA,22061,81.1,71272
2017,LIVINGSTON,LA,22063,93.8,70449
2017,MADISON,LA,22065,1.5,71233
2017,MOREHOUSE,LA,22067,111.9,71223
2017,NATCHITOCHES,LA,22069,76.5,71414
2017,ORLEANS,LA,22071,59.8,70112
2017,OUACHITA,LA,22073,102.7,71202
2017,PLAQUEMINES,LA,22075,38.6,70050
2017,POINTE COUPEE,LA,22077,84.5,70773
2017,RAPIDES,LA,22079,133.3,71325
2017,RED RIVER,LA,22081,105.7,71034
2017,RICHLAND,LA,22083,140.8,71269
2017,SABINE,LA,22085,71.6,71419
2017,SAINT BERNARD,LA,22087,114.7,70085
2017,SAINT CHARLES,LA,22089,67.8,70031
2017,SAINT HELENA,LA,22091,75.6,70441
2017,SAINT JAMES,LA,22093,77.6,70743
2017,ST JOHN THE BAPTIST,LA,22095,92.8,70076
2017,SAINT LANDRY,LA,22097,137.2,70541
2017,SAINT MARTIN,LA,22099,70.3,70519
2017,SAINT MARY,LA,22101,98,70342
2017,SAINT TAMMANY,LA,22103,92,70463
2017,TANGIPAHOA,LA,22105,115.4,70442
2017,TENSAS,LA,22107,64.1,71366
2017,TERREBONNE,LA,22109,90.9,70377
2017,UNION,LA,22111,83.2,71256
2017,VERMILION,LA,22113,61.4,70575
2017,VERNON,LA,22115,70.3,71459
2017,WASHINGTON,LA,22117,125.8,70426
2017,WEBSTER,LA,22119,107.1,71024
2017,WEST BATON ROUGE,LA,22121,87.7,70710
2017,WEST CARROLL,LA,22123,51.9,71237
2017,WEST FELICIANA,LA,22125,43,70712
2017,WINN,LA,22127,98.1,71483
2017,ANDROSCOGGIN,ME,23001,58.9,4228
2017,AROOSTOOK,ME,23003,63.5,4734
2017,CUMBERLAND,ME,23005,44.3,4057
2017,FRANKLIN,ME,23007,49.4,4982
2017,HANCOCK,ME,23009,53,4421
2017,KENNEBEC,ME,23011,83.9,4343
2017,KNOX,ME,23013,55.1,4645
2017,LINCOLN,ME,23015,37.8,4575
2017,OXFORD,ME,23017,61.2,4267
2017,PENOBSCOT,ME,23019,60,4969
2017,PISCATAQUIS,ME,23021,63.4,4442
2017,SAGADAHOC,ME,23023,50,4008
2017,SOMERSET,ME,23025,61.9,4944
2017,WALDO,ME,23027,38.6,4354
2017,WASHINGTON,ME,23029,58.5,4655
2017,YORK,ME,23031,52.9,3911
2017,ALLEGANY,MD,24001,109.9,21543
2017,ANNE ARUNDEL,MD,24003,61.4,21402
2017,BALTIMORE,MD,24005,63.5,21153
2017,CALVERT,MD,24009,78.5,20736
2017,CAROLINE,MD,24011,40.8,21640
2017,CARROLL,MD,24013,64.5,21776
2017,CECIL,MD,24015,64.1,21916
2017,CHARLES,MD,24017,71.3,20622
2017,DORCHESTER,MD,24019,67.9,21626
2017,FREDERICK,MD,24021,61.4,21717
2017,GARRETT,MD,24023,77.6,21522
2017,HARFORD,MD,24025,64.6,21005
2017,HOWARD,MD,24027,31.5,20794
2017,KENT,MD,24029,96.6,21650
2017,MONTGOMERY,MD,24031,29.9,20839
2017,PRINCE GEORGEÕS,MD,24033,34.2,20608
2017,QUEEN ANNEÕS,MD,24035,57.8,21644
2017,SAINT MARYS,MD,24037,56.9,20674
2017,SOMERSET,MD,24039,42.2,21890
2017,TALBOT,MD,24041,96.3,21665
2017,WASHINGTON,MD,24043,100.2,21746
2017,WICOMICO,MD,24045,66.3,21840
2017,WORCESTER,MD,24047,63,21813
2017,BALTIMORE CITY,MD,24510,48.5,21202
2017,BARNSTABLE,MA,25001,50.9,2561
2017,BERKSHIRE,MA,25003,51.8,1256
2017,BRISTOL,MA,25005,62.1,2791
2017,DUKES,MA,25007,47.9,2539
2017,ESSEX,MA,25009,39.4,1937
2017,FRANKLIN,MA,25011,46.3,1375
2017,HAMPDEN,MA,25013,57.7,1011
2017,HAMPSHIRE,MA,25015,48.8,1066
2017,MIDDLESEX,MA,25017,28.8,1464
2017,NANTUCKET,MA,25019,31.1,2564
2017,NORFOLK,MA,25021,35.6,2071
2017,PLYMOUTH,MA,25023,45.6,2366
2017,SUFFOLK,MA,25025,26.8,2210
2017,WORCESTER,MA,25027,43.9,1434
2017,ALCONA,MI,26001,13.2,48728
2017,ALGER,MI,26003,71.9,49862
2017,ALLEGAN,MI,26005,40.6,49344
2017,ALPENA,MI,26007,113.1,49753
2017,ANTRIM,MI,26009,39.8,49612
2017,ARENAC,MI,26011,93.2,48766
2017,BARAGA,MI,26013,72.9,49908
2017,BARRY,MI,26015,55.2,49050
2017,BAY,MI,26017,86.6,48613
2017,BENZIE,MI,26019,55.7,49617
2017,BERRIEN,MI,26021,84.4,49129
2017,BRANCH,MI,26023,71,49036
2017,CALHOUN,MI,26025,101.4,49037
2017,CASS,MI,26027,35.8,49061
2017,CHARLEVOIX,MI,26029,74,49796
2017,CHEBOYGAN,MI,26031,105.8,49799
2017,CHIPPEWA,MI,26033,56.1,49788
2017,CLARE,MI,26035,110,48632
2017,CLINTON,MI,26037,35,48853
2017,CRAWFORD,MI,26039,101.9,49738
2017,DELTA,MI,26041,87.6,49894
2017,DICKINSON,MI,26043,87.5,49852
2017,EATON,MI,26045,85.7,48876
2017,EMMET,MI,26047,110.5,49722
2017,GENESEE,MI,26049,102,48502
2017,GLADWIN,MI,26051,89,48652
2017,GOGEBIC,MI,26053,89.8,49947
2017,GRAND TRAVERSE,MI,26055,96.2,49649
2017,GRATIOT,MI,26057,70.2,48662
2017,HILLSDALE,MI,26059,61.3,49271
2017,HOUGHTON,MI,26061,39.2,49931
2017,HURON,MI,26063,62.6,48731
2017,INGHAM,MI,26065,63.7,48933
2017,IONIA,MI,26067,63,48846
2017,IOSCO,MI,26069,134.2,48743
2017,IRON,MI,26071,76.9,49927
2017,ISABELLA,MI,26073,61.6,49310
2017,JACKSON,MI,26075,73.9,49201
2017,KALAMAZOO,MI,26077,63.3,49007
2017,KALKASKA,MI,26079,91.8,49680
2017,KENT,MI,26081,67.7,49326
2017,LAKE,MI,26085,29,49644
2017,LAPEER,MI,26087,68,48428
2017,LEELANAU,MI,26089,18.5,49636
2017,LENAWEE,MI,26091,81.7,49289
2017,LIVINGSTON,MI,26093,52.8,48139
2017,LUCE,MI,26095,111.5,49868
2017,MACKINAC,MI,26097,68.4,49775
2017,MACOMB,MI,26099,86.3,48050
2017,MANISTEE,MI,26101,87.2,49660
2017,MARQUETTE,MI,26103,75.5,49808
2017,MASON,MI,26105,117.7,49402
2017,MECOSTA,MI,26107,82.1,49320
2017,MENOMINEE,MI,26109,32.9,49893
2017,MIDLAND,MI,26111,73.6,48880
2017,MISSAUKEE,MI,26113,30.4,49657
2017,MONROE,MI,26115,78.4,48145
2017,MONTCALM,MI,26117,103.2,48811
2017,MONTMORENCY,MI,26119,60.6,49709
2017,MUSKEGON,MI,26121,111.4,49318
2017,NEWAYGO,MI,26123,101.2,49309
2017,OAKLAND,MI,26125,64,48370
2017,OCEANA,MI,26127,60.7,49436
2017,OGEMAW,MI,26129,128.1,48635
2017,ONTONAGON,MI,26131,29.6,49948
2017,OSCEOLA,MI,26133,63.2,49679
2017,OSCODA,MI,26135,80.7,48647
2017,OTSEGO,MI,26137,143.2,49751
2017,OTTAWA,MI,26139,52.8,49460
2017,PRESQUE ISLE,MI,26141,49.1,49743
2017,ROSCOMMON,MI,26143,127.3,48630
2017,SAGINAW,MI,26145,78.1,48623
2017,SAINT CLAIR,MI,26147,87.7,48041
2017,SAINT JOSEPH,MI,26149,93.6,49075
2017,SANILAC,MI,26151,39.8,48465
2017,SCHOOLCRAFT,MI,26153,95.3,49836
2017,SHIAWASSEE,MI,26155,84.8,48449
2017,TUSCOLA,MI,26157,64.2,48701
2017,VAN BUREN,MI,26159,94.1,49026
2017,WASHTENAW,MI,26161,38.4,48160
2017,WAYNE,MI,26163,77.4,48226
2017,WEXFORD,MI,26165,123,49618
2017,AITKIN,MN,27001,68,55785
2017,ANOKA,MN,27003,44.9,55005
2017,BECKER,MN,27005,37.5,56570
2017,BELTRAMI,MN,27007,46.4,56667
2017,BENTON,MN,27009,33.1,56357
2017,BIG STONE,MN,27011,83.4,56276
2017,BLUE EARTH,MN,27013,58.5,56034
2017,BROWN,MN,27015,48.9,56041
2017,CARLTON,MN,27017,54.6,55767
2017,CARVER,MN,27019,35.6,55367
2017,CASS,MN,27021,24.7,56662
2017,CHIPPEWA,MN,27023,62.8,56262
2017,CHISAGO,MN,27025,30.9,55069
2017,CLAY,MN,27027,44.8,56525
2017,CLEARWATER,MN,27029,57.7,56652
2017,COOK,MN,27031,34,55605
2017,COTTONWOOD,MN,27033,77.8,56118
2017,CROW WING,MN,27035,52.1,56448
2017,DAKOTA,MN,27037,43,55150
2017,DODGE,MN,27039,13.8,55924
2017,DOUGLAS,MN,27041,79.9,56327
2017,FARIBAULT,MN,27043,46.7,56027
2017,FILLMORE,MN,27045,29.2,55935
2017,FREEBORN,MN,27047,35.2,56089
2017,GOODHUE,MN,27049,41.7,55089
2017,GRANT,MN,27051,33.1,56248
2017,HENNEPIN,MN,27053,33.5,55111
2017,HOUSTON,MN,27055,21.7,55941
2017,HUBBARD,MN,27057,48.8,56436
2017,ISANTI,MN,27059,47.6,55029
2017,ITASCA,MN,27061,54.7,56659
2017,JACKSON,MN,27063,24.1,56111
2017,KANABEC,MN,27065,71.3,56358
2017,KANDIYOHI,MN,27067,58.9,56216
2017,KITTSON,MN,27069,37.6,56720
2017,KOOCHICHING,MN,27071,51.4,56669
2017,LAC QUI PARLE,MN,27073,58.4,56218
2017,LAKE,MN,27075,24.3,55601
2017,LAKE OF THE WOODS,MN,27077,63.5,56711
2017,LE SUEUR,MN,27079,9.4,56069
2017,LINCOLN,MN,27081,38.7,56113
2017,LYON,MN,27083,43.5,56132
2017,MCLEOD,MN,27085,63.1,55370
2017,MAHNOMEN,MN,27087,30.6,56557
2017,MARSHALL,MN,27089,21.1,56727
2017,MARTIN,MN,27091,66.1,56075
2017,MEEKER,MN,27093,26,56228
2017,MILLE LACS,MN,27095,62.4,56363
2017,MORRISON,MN,27097,57,56314
2017,MOWER,MN,27099,34.7,55977
2017,MURRAY,MN,27101,35.4,56122
2017,NICOLLET,MN,27103,19,56054
2017,NOBLES,MN,27105,34.5,56167
2017,NORMAN,MN,27107,21.7,56541
2017,OLMSTED,MN,27109,27.3,55929
2017,OTTER TAIL,MN,27111,48.5,56576
2017,PENNINGTON,MN,27113,68.6,56725
2017,PINE,MN,27115,53.9,55072
2017,PIPESTONE,MN,27117,73.2,56139
2017,POLK,MN,27119,55.8,56517
2017,POPE,MN,27121,59,56349
2017,RAMSEY,MN,27123,36,55101
2017,RED LAKE,MN,27125,27.5,56748
2017,REDWOOD,MN,27127,41,56224
2017,RENVILLE,MN,27129,28.6,55333
2017,RICE,MN,27131,43.1,55088
2017,ROCK,MN,27133,54.1,56116
2017,ROSEAU,MN,27135,59.4,56673
2017,SAINT LOUIS,MN,27137,54.4,55814
2017,SCOTT,MN,27139,33.3,55020
2017,SHERBURNE,MN,27141,36.3,56304
2017,SIBLEY,MN,27143,23.4,55338
2017,STEARNS,MN,27145,48.2,56321
2017,STEELE,MN,27147,41.5,56046
2017,STEVENS,MN,27149,49.7,56244
2017,SWIFT,MN,27151,46.7,56226
2017,TODD,MN,27153,23.1,56440
2017,TRAVERSE,MN,27155,38.5,56583
2017,WABASHA,MN,27157,8.3,55945
2017,WADENA,MN,27159,124.5,56481
2017,WASECA,MN,27161,47.8,56072
2017,WASHINGTON,MN,27163,47.8,55003
2017,WATONWAN,MN,27165,46.4,56060
2017,WILKIN,MN,27167,53.4,56553
2017,WINONA,MN,27169,39.9,55959
2017,WRIGHT,MN,27171,46.6,55376
2017,YELLOW MEDICINE,MN,27173,34.8,56280
2017,ADAMS,MS,28001,124.1,39120
2017,ALCORN,MS,28003,161.5,38846
2017,AMITE,MS,28005,41.8,39664
2017,ATTALA,MS,28007,103.6,39067
2017,BENTON,MS,28009,59.8,38647
2017,BOLIVAR,MS,28011,76.8,38740
2017,CALHOUN,MS,28013,70.8,38914
2017,CARROLL,MS,28015,0.6,38943
2017,CHICKASAW,MS,28017,85.3,38851
2017,CHOCTAW,MS,28019,53.6,39745
2017,CLAIBORNE,MS,28021,62.4,39096
2017,CLARKE,MS,28023,100.3,39363
2017,CLAY,MS,28025,103.6,39755
2017,COAHOMA,MS,28027,115.1,38644
2017,COPIAH,MS,28029,89.2,39144
2017,COVINGTON,MS,28031,105.3,39479
2017,DESOTO,MS,28033,90.7,38680
2017,FORREST,MS,28035,183.3,39455
2017,FRANKLIN,MS,28037,60.3,39661
2017,GREENE,MS,28041,53.2,39451
2017,GRENADA,MS,28043,160.6,38940
2017,HANCOCK,MS,28045,81.5,39556
2017,HARRISON,MS,28047,108.2,39534
2017,HINDS,MS,28049,62.2,39201
2017,HOLMES,MS,28051,61,39095
2017,HUMPHREYS,MS,28053,52.7,39115
2017,ITAWAMBA,MS,28057,100,38856
2017,JACKSON,MS,28059,86.4,39565
2017,JASPER,MS,28061,35.8,39356
2017,JEFFERSON,MS,28063,0.3,39668
2017,JEFFERSON DAVIS,MS,28065,111.5,39656
2017,JONES,MS,28067,137.6,39477
2017,KEMPER,MS,28069,34.1,39328
2017,LAFAYETTE,MS,28071,62,38601
2017,LAMAR,MS,28073,33.3,39482
2017,LAUDERDALE,MS,28075,141.4,39309
2017,LAWRENCE,MS,28077,109.3,39665
2017,LEAKE,MS,28079,86.4,39189
2017,LEE,MS,28081,112.6,38879
2017,LEFLORE,MS,28083,103.9,38958
2017,LINCOLN,MS,28085,100.3,39629
2017,LOWNDES,MS,28087,100.3,39766
2017,MADISON,MS,28089,61.9,39071
2017,MARION,MS,28091,166.5,39643
2017,MARSHALL,MS,28093,47.4,38661
2017,MONROE,MS,28095,95,38858
2017,MONTGOMERY,MS,28097,86,38925
2017,NESHOBA,MS,28099,126.4,39365
2017,NEWTON,MS,28101,63.4,39337
2017,NOXUBEE,MS,28103,87.4,39341
2017,OKTIBBEHA,MS,28105,64.9,39769
2017,PANOLA,MS,28107,93.3,38619
2017,PEARL RIVER,MS,28109,113.5,39470
2017,PERRY,MS,28111,65.4,39462
2017,PIKE,MS,28113,130.6,39635
2017,PONTOTOC,MS,28115,85,38841
2017,PRENTISS,MS,28117,87.7,38859
2017,QUITMAN,MS,28119,72.2,38623
2017,RANKIN,MS,28121,92.6,39193
2017,SCOTT,MS,28123,87.1,39359
2017,SHARKEY,MS,28125,81.7,38765
2017,SIMPSON,MS,28127,94.8,39111
2017,SMITH,MS,28129,42.1,39116
2017,STONE,MS,28131,134.3,39573
2017,SUNFLOWER,MS,28133,47,38738
2017,TALLAHATCHIE,MS,28135,31.9,38963
2017,TATE,MS,28137,111.2,38668
2017,TIPPAH,MS,28139,92.8,38629
2017,TISHOMINGO,MS,28141,133.7,38838
2017,TUNICA,MS,28143,31.2,38664
2017,UNION,MS,28145,99.6,38828
2017,WALTHALL,MS,28147,64.2,39667
2017,WARREN,MS,28149,93.7,39156
2017,WASHINGTON,MS,28151,92.4,38722
2017,WAYNE,MS,28153,122.2,39322
2017,WEBSTER,MS,28155,141.9,39751
2017,WILKINSON,MS,28157,74.2,39669
2017,WINSTON,MS,28159,93.4,39339
2017,YALOBUSHA,MS,28161,44.5,38922
2017,YAZOO,MS,28163,59.3,39194
2017,ADAIR,MO,29001,103.8,63559
2017,ANDREW,MO,29003,0.4,64449
2017,ATCHISON,MO,29005,93.2,64491
2017,AUDRAIN,MO,29007,62.4,63352
2017,BARRY,MO,29009,108.1,64874
2017,BARTON,MO,29011,106,64762
2017,BATES,MO,29013,45.9,64752
2017,BENTON,MO,29015,97.3,65338
2017,BOLLINGER,MO,29017,36,63782
2017,BOONE,MO,29019,40.9,65039
2017,BUCHANAN,MO,29021,95.6,64504
2017,BUTLER,MO,29023,159.7,63945
2017,CALDWELL,MO,29025,1.8,64429
2017,CALLAWAY,MO,29027,38.7,65080
2017,CAMDEN,MO,29029,93,65324
2017,CAPE GIRARDEAU,MO,29031,103,63743
2017,CARROLL,MO,29033,81.7,64623
2017,CARTER,MO,29035,0.4,63965
2017,CASS,MO,29037,95.1,64090
2017,CEDAR,MO,29039,63.5,64756
2017,CHARITON,MO,29041,33,64676
2017,CHRISTIAN,MO,29043,65.7,65620
2017,CLARK,MO,29045,73.2,63430
2017,CLAY,MO,29047,78,64166
2017,CLINTON,MO,29049,57.5,64493
2017,COLE,MO,29051,85.4,65101
2017,COOPER,MO,29053,35.9,65233
2017,CRAWFORD,MO,29055,82,65586
2017,DADE,MO,29057,29.9,65603
2017,DALLAS,MO,29059,31.9,65764
2017,DAVIESS,MO,29061,29,64670
2017,DENT,MO,29065,85.3,65541
2017,DOUGLAS,MO,29067,79.3,65768
2017,DUNKLIN,MO,29069,157.9,63880
2017,FRANKLIN,MO,29071,88.1,63041
2017,GASCONADE,MO,29073,71.2,65062
2017,GENTRY,MO,29075,52.9,64453
2017,GREENE,MO,29077,97.7,65648
2017,GRUNDY,MO,29079,98.1,64683
2017,HARRISON,MO,29081,114.9,64458
2017,HENRY,MO,29083,130.6,64726
2017,HICKORY,MO,29085,1.6,65650
2017,HOWARD,MO,29089,0.2,65250
2017,HOWELL,MO,29091,151.3,65788
2017,IRON,MO,29093,130.6,63623
2017,JACKSON,MO,29095,68.6,64101
2017,JASPER,MO,29097,125.8,64832
2017,JEFFERSON,MO,29099,72.8,63047
2017,JOHNSON,MO,29101,49,65305
2017,KNOX,MO,29103,1.2,63446
2017,LACLEDE,MO,29105,97.1,65463
2017,LAFAYETTE,MO,29107,44.3,64071
2017,LAWRENCE,MO,29109,46.1,65712
2017,LEWIS,MO,29111,3.4,63447
2017,LINCOLN,MO,29113,66.5,63349
2017,LINN,MO,29115,38.7,64659
2017,LIVINGSTON,MO,29117,93.9,64664
2017,MCDONALD,MO,29119,38.6,64867
2017,MACON,MO,29121,74.6,63431
2017,MADISON,MO,29123,122.9,63655
2017,MARION,MO,29127,107.7,63463
2017,MERCER,MO,29129,50.5,64673
2017,MILLER,MO,29131,55.4,65017
2017,MISSISSIPPI,MO,29133,37.6,63834
2017,MONITEAU,MO,29135,0.4,65081
2017,MONROE,MO,29137,1.3,65282
2017,MONTGOMERY,MO,29139,43.5,65069
2017,MORGAN,MO,29141,26.8,65011
2017,NEW MADRID,MO,29143,64.5,63828
2017,NEWTON,MO,29145,50.3,64858
2017,NODAWAY,MO,29147,69.9,64433
2017,OREGON,MO,29149,53.1,65692
2017,OSAGE,MO,29151,22.4,65001
2017,OZARK,MO,29153,47.4,65773
2017,PEMISCOT,MO,29155,97.1,63827
2017,PERRY,MO,29157,56.8,63746
2017,PETTIS,MO,29159,69.4,65345
2017,PHELPS,MO,29161,80.8,65461
2017,PIKE,MO,29163,82,63433
2017,PLATTE,MO,29165,59,64018
2017,POLK,MO,29167,87.8,65727
2017,PULASKI,MO,29169,33.8,65473
2017,PUTNAM,MO,29171,31.8,63567
2017,RANDOLPH,MO,29175,107.7,65260
2017,RAY,MO,29177,70.7,64036
2017,REYNOLDS,MO,29179,1.1,63625
2017,RIPLEY,MO,29181,128,63942
2017,SAINT CHARLES,MO,29183,67.2,63332
2017,SAINT CLAIR,MO,29185,26.7,64738
2017,SAINTE GENEVIEVE,MO,29186,42.7,63627
2017,SAINT FRANCOIS,MO,29187,155.4,63628
2017,SAINT LOUIS,MO,29189,63.4,63140
2017,SALINE,MO,29195,79.6,65321
2017,SCHUYLER,MO,29197,1.1,63536
2017,SCOTLAND,MO,29199,85.7,63432
2017,SCOTT,MO,29201,112.7,63774
2017,SHANNON,MO,29203,34.8,65438
2017,SHELBY,MO,29205,27.5,63469
2017,STODDARD,MO,29207,83.3,63738
2017,STONE,MO,29209,68.9,65624
2017,SULLIVAN,MO,29211,69.7,63560
2017,TANEY,MO,29213,99,65771
2017,TEXAS,MO,29215,49.9,65589
2017,VERNON,MO,29217,76.3,64741
2017,WARREN,MO,29219,58.1,63381
2017,WASHINGTON,MO,29221,37.7,63622
2017,WAYNE,MO,29223,3.6,63951
2017,WEBSTER,MO,29225,87.9,65652
2017,WORTH,MO,29227,1.4,64420
2017,WRIGHT,MO,29229,111.8,65717
2017,SAINT LOUIS CITY,MO,29510,47.9,63102
2017,BEAVERHEAD,MT,30001,77.4,59746
2017,BIG HORN,MT,30003,19.4,59035
2017,BLAINE,MT,30005,35.8,59542
2017,BROADWATER,MT,30007,31.5,59647
2017,CARBON,MT,30009,24.4,59026
2017,CASCADE,MT,30013,79.6,59477
2017,CHOUTEAU,MT,30015,26.8,59460
2017,CUSTER,MT,30017,99.9,59336
2017,DANIELS,MT,30019,4.5,59276
2017,DAWSON,MT,30021,84.4,59339
2017,DEER LODGE,MT,30023,72.2,59756
2017,FALLON,MT,30025,2.4,59354
2017,FERGUS,MT,30027,72.6,59441
2017,FLATHEAD,MT,30029,77.6,59926
2017,GALLATIN,MT,30031,38.5,59758
2017,GLACIER,MT,30035,37.3,59411
2017,HILL,MT,30041,47.5,59540
2017,JEFFERSON,MT,30043,12.8,59638
2017,LAKE,MT,30047,62,59863
2017,LEWIS AND CLARK,MT,30049,63.4,59636
2017,LIBERTY,MT,30051,37.3,59545
2017,LINCOLN,MT,30053,91.4,59933
2017,MADISON,MT,30057,25.6,59740
2017,MEAGHER,MT,30059,49.8,59053
2017,MINERAL,MT,30061,43.6,59867
2017,MISSOULA,MT,30063,62,59802
2017,PARK,MT,30067,43.4,59065
2017,PHILLIPS,MT,30071,73.5,59261
2017,PONDERA,MT,30073,64.1,59456
2017,POWDER RIVER,MT,30075,33.9,59314
2017,POWELL,MT,30077,70.2,59722
2017,RAVALLI,MT,30081,70.1,59871
2017,RICHLAND,MT,30083,60.6,59243
2017,ROOSEVELT,MT,30085,23.4,59212
2017,ROSEBUD,MT,30087,38.8,59039
2017,SANDERS,MT,30089,69.5,59831
2017,SILVER BOW,MT,30093,87.4,59703
2017,STILLWATER,MT,30095,44.7,59063
2017,SWEET GRASS,MT,30097,45.1,59055
2017,TETON,MT,30099,57.5,59419
2017,TOOLE,MT,30101,49.6,59474
2017,VALLEY,MT,30105,39.5,59250
2017,WHEATLAND,MT,30107,52.8,59453
2017,YELLOWSTONE,MT,30111,73.6,59064
2017,ADAMS,NE,31001,69.4,68973
2017,ANTELOPE,NE,31003,43.5,68773
2017,BOONE,NE,31011,0.7,68655
2017,BOX BUTTE,NE,31013,98.1,69301
2017,BROWN,NE,31017,41.7,69217
2017,BUFFALO,NE,31019,69.7,68861
2017,BURT,NE,31021,20,68019
2017,BUTLER,NE,31023,53.2,68036
2017,CASS,NE,31025,34.7,68307
2017,CEDAR,NE,31027,31.3,68727
2017,CHASE,NE,31029,57.1,69027
2017,CHERRY,NE,31031,79.1,69220
2017,CHEYENNE,NE,31033,39.8,69156
2017,CLAY,NE,31035,0,68934
2017,COLFAX,NE,31037,0.2,68661
2017,CUMING,NE,31039,25.5,68788
2017,CUSTER,NE,31041,79.5,68881
2017,DAKOTA,NE,31043,65.1,68743
2017,DAWES,NE,31045,64.9,69367
2017,DAWSON,NE,31047,58,69171
2017,DEUEL,NE,31049,0.7,69129
2017,DIXON,NE,31051,11.3,68728
2017,DODGE,NE,31053,89,68072
2017,DOUGLAS,NE,31055,57.8,68102
2017,DUNDY,NE,31057,107.1,69037
2017,FILLMORE,NE,31059,0.4,68416
2017,FURNAS,NE,31065,1.2,68946
2017,GAGE,NE,31067,53.5,68357
2017,GARDEN,NE,31069,80,69148
2017,GARFIELD,NE,31071,75.8,68823
2017,HALL,NE,31079,70.3,68810
2017,HAMILTON,NE,31081,59.8,68846
2017,HARLAN,NE,31083,82.4,68971
2017,HOLT,NE,31089,35,68711
2017,HOWARD,NE,31093,60.6,68835
2017,JEFFERSON,NE,31095,109.3,68440
2017,JOHNSON,NE,31097,40.2,68450
2017,KEARNEY,NE,31099,51.4,68982
2017,KEITH,NE,31101,105,69155
2017,KIMBALL,NE,31105,1,69133
2017,KNOX,NE,31107,27.5,68724
2017,LANCASTER,NE,31109,56.3,68531
2017,LINCOLN,NE,31111,91.1,69170
2017,MADISON,NE,31119,84.4,68781
2017,MERRICK,NE,31121,56.7,68628
2017,MORRILL,NE,31123,56.9,69125
2017,NANCE,NE,31125,43.6,68663
2017,NEMAHA,NE,31127,88.9,68414
2017,NUCKOLLS,NE,31129,41,68974
2017,OTOE,NE,31131,79.7,68324
2017,PAWNEE,NE,31133,51.1,68345
2017,PERKINS,NE,31135,67.9,69140
2017,PHELPS,NE,31137,117,68940
2017,PIERCE,NE,31139,27.5,68767
2017,PLATTE,NE,31141,67.1,68644
2017,POLK,NE,31143,22.6,68654
2017,RED WILLOW,NE,31145,97.8,69036
2017,RICHARDSON,NE,31147,45.9,68431
2017,SALINE,NE,31151,46.6,68341
2017,SARPY,NE,31153,45.8,68113
2017,SAUNDERS,NE,31155,27.1,68033
2017,SCOTTS BLUFF,NE,31157,84.8,69353
2017,SEWARD,NE,31159,50.1,68314
2017,SHERIDAN,NE,31161,17.2,69335
2017,SHERMAN,NE,31163,1.4,68852
2017,THAYER,NE,31169,0.6,68375
2017,THURSTON,NE,31173,0.5,68055
2017,VALLEY,NE,31175,0.6,68862
2017,WASHINGTON,NE,31177,49.5,68002
2017,WAYNE,NE,31179,48.3,68740
2017,WEBSTER,NE,31181,3.3,68942
2017,YORK,NE,31185,92.2,68367
2017,CHURCHILL,NV,32001,101,89406
2017,CLARK,NV,32003,70.6,89018
2017,DOUGLAS,NV,32005,99,89423
2017,ELKO,NV,32007,57.2,89830
2017,HUMBOLDT,NV,32013,68.2,89426
2017,LANDER,NV,32015,0.6,89310
2017,LINCOLN,NV,32017,75,89043
2017,LYON,NV,32019,83.3,89430
2017,MINERAL,NV,32021,103.5,89422
2017,NYE,NV,32023,119.2,89409
2017,PERSHING,NV,32027,25.5,89419
2017,WASHOE,NV,32031,73.2,89412
2017,WHITE PINE,NV,32033,90.4,89317
2017,CARSON CITY,NV,32510,115.8,89701
2017,BELKNAP,NH,33001,57.1,3810
2017,CARROLL,NH,33003,65.1,3817
2017,CHESHIRE,NH,33005,53.4,3609
2017,COOS,NH,33007,58,3575
2017,GRAFTON,NH,33009,55.3,3215
2017,HILLSBOROUGH,NH,33011,44,3101
2017,MERRIMACK,NH,33013,60,3273
2017,ROCKINGHAM,NH,33015,52.9,3885
2017,STRAFFORD,NH,33017,64.8,3823
2017,SULLIVAN,NH,33019,44.7,3754
2017,ATLANTIC,NJ,34001,63.8,8217
2017,BERGEN,NJ,34003,36,7606
2017,BURLINGTON,NJ,34005,58.7,8640
2017,CAMDEN,NJ,34007,71.3,8095
2017,CAPE MAY,NJ,34009,74.9,8248
2017,CUMBERLAND,NJ,34011,77.9,8320
2017,ESSEX,NJ,34013,33,7114
2017,GLOUCESTER,NJ,34015,67.8,8014
2017,HUDSON,NJ,34017,31.4,7310
2017,HUNTERDON,NJ,34019,34.8,8858
2017,MERCER,NJ,34021,45.3,8542
2017,MIDDLESEX,NJ,34023,36.5,7001
2017,MONMOUTH,NJ,34025,45.6,7703
2017,MORRIS,NJ,34027,34.8,7849
2017,OCEAN,NJ,34029,55.3,8758
2017,PASSAIC,NJ,34031,37.9,7505
2017,SALEM,NJ,34033,60.6,8038
2017,SOMERSET,NJ,34035,30.9,7939
2017,SUSSEX,NJ,34037,48.9,7851
2017,UNION,NJ,34039,34,7027
2017,WARREN,NJ,34041,58.3,7820
2017,BERNALILLO,NM,35001,59.6,87117
2017,CHAVES,NM,35005,69.2,88232
2017,CIBOLA,NM,35006,37.7,87051
2017,COLFAX,NM,35007,57.8,87749
2017,CURRY,NM,35009,45.9,88103
2017,DE BACA,NM,35011,6.8,88136
2017,DONA ANA,NM,35013,41.5,88004
2017,EDDY,NM,35015,76.9,88255
2017,GRANT,NM,35017,65,88055
2017,GUADALUPE,NM,35019,6.7,88417
2017,LEA,NM,35025,65.7,88262
2017,LINCOLN,NM,35027,82.8,88336
2017,LOS ALAMOS,NM,35028,64.2,87544
2017,LUNA,NM,35029,65.5,88029
2017,MCKINLEY,NM,35031,21.1,87045
2017,OTERO,NM,35035,50.7,88354
2017,QUAY,NM,35037,77.9,88427
2017,RIO ARRIBA,NM,35039,75.1,87531
2017,ROOSEVELT,NM,35041,24.3,88132
2017,SANDOVAL,NM,35043,48.4,87027
2017,SAN JUAN,NM,35045,53.5,87412
2017,SAN MIGUEL,NM,35047,56.2,88421
2017,SANTA FE,NM,35049,72.9,87010
2017,SIERRA,NM,35051,70.8,88042
2017,SOCORRO,NM,35053,50,87028
2017,TAOS,NM,35055,73.1,87543
2017,TORRANCE,NM,35057,20,87061
2017,UNION,NM,35059,33.9,88424
2017,VALENCIA,NM,35061,70.7,87023
2017,ALBANY,NY,36001,42.1,12207
2017,ALLEGANY,NY,36003,53.3,14717
2017,BRONX,NY,36005,26.4,10474
2017,BROOME,NY,36007,63.2,13813
2017,CATTARAUGUS,NY,36009,65.4,14173
2017,CAYUGA,NY,36011,46.4,13024
2017,CHAUTAUQUA,NY,36013,61.6,14756
2017,CHEMUNG,NY,36015,72.8,14864
2017,CHENANGO,NY,36017,51.7,13124
2017,CLINTON,NY,36019,74.2,12929
2017,COLUMBIA,NY,36021,58.4,12530
2017,CORTLAND,NY,36023,58.2,13784
2017,DELAWARE,NY,36025,54.1,13774
2017,DUTCHESS,NY,36027,49.7,12512
2017,ERIE,NY,36029,59.1,14034
2017,ESSEX,NY,36031,44.8,12977
2017,FRANKLIN,NY,36033,63.8,12970
2017,FULTON,NY,36035,63.7,12032
2017,GENESEE,NY,36037,49.6,14013
2017,GREENE,NY,36039,59.8,12051
2017,HERKIMER,NY,36043,44.8,13472
2017,JEFFERSON,NY,36045,54.9,13602
2017,KINGS,NY,36047,20.4,11232
2017,LEWIS,NY,36049,36.4,13305
2017,LIVINGSTON,NY,36051,46.8,14539
2017,MADISON,NY,36053,53,13334
2017,MONROE,NY,36055,42.7,14614
2017,MONTGOMERY,NY,36057,75.5,12177
2017,NASSAU,NY,36059,36,11556
2017,NEW YORK,NY,36061,33.8,10007
2017,NIAGARA,NY,36063,65.9,14126
2017,ONEIDA,NY,36065,54.1,13403
2017,ONONDAGA,NY,36067,50.6,13020
2017,ONTARIO,NY,36069,45.2,14475
2017,ORANGE,NY,36071,51.9,10979
2017,ORLEANS,NY,36073,48.5,14571
2017,OSWEGO,NY,36075,54,13115
2017,OTSEGO,NY,36077,54.2,13834
2017,PUTNAM,NY,36079,38.9,10537
2017,QUEENS,NY,36081,20.6,11430
2017,RENSSELAER,NY,36083,52.8,12089
2017,RICHMOND,NY,36085,39.3,10302
2017,ROCKLAND,NY,36087,31,10923
2017,SAINT LAWRENCE,NY,36089,65.7,13623
2017,SARATOGA,NY,36091,45,12863
2017,SCHENECTADY,NY,36093,48.7,12305
2017,SCHOHARIE,NY,36095,50.6,12194
2017,SCHUYLER,NY,36097,52.4,14869
2017,SENECA,NY,36099,43.7,14588
2017,STEUBEN,NY,36101,61.3,14808
2017,SUFFOLK,NY,36103,45.4,11973
2017,SULLIVAN,NY,36105,66.5,12722
2017,TIOGA,NY,36107,40.1,13845
2017,TOMPKINS,NY,36109,48.5,13102
2017,ULSTER,NY,36111,59,12489
2017,WARREN,NY,36113,81.1,12862
2017,WASHINGTON,NY,36115,60,12821
2017,WAYNE,NY,36117,47.6,13143
2017,WESTCHESTER,NY,36119,30.9,10545
2017,WYOMING,NY,36121,45.9,14011
2017,YATES,NY,36123,30.3,14441
2017,ALAMANCE,NC,37001,74.3,27349
2017,ALEXANDER,NC,37003,20,28681
2017,ALLEGHANY,NC,37005,73,28627
2017,ANSON,NC,37007,72.3,28135
2017,ASHE,NC,37009,92,28631
2017,AVERY,NC,37011,62,28652
2017,BEAUFORT,NC,37013,131.3,27860
2017,BERTIE,NC,37015,25,27957
2017,BLADEN,NC,37017,106.3,28434
2017,BRUNSWICK,NC,37019,96.2,28420
2017,BUNCOMBE,NC,37021,71.3,28709
2017,BURKE,NC,37023,125.3,28655
2017,CABARRUS,NC,37025,83.2,28107
2017,CALDWELL,NC,37027,119.1,28611
2017,CARTERET,NC,37031,86.6,28553
2017,CASWELL,NC,37033,7.6,27212
2017,CATAWBA,NC,37035,114.6,28673
2017,CHATHAM,NC,37037,37.9,27208
2017,CHEROKEE,NC,37039,117.5,28901
2017,CHOWAN,NC,37041,106.9,27980
2017,CLAY,NC,37043,117.2,28902
2017,CLEVELAND,NC,37045,115.3,28020
2017,COLUMBUS,NC,37047,139.8,28463
2017,CRAVEN,NC,37049,98,28533
2017,CUMBERLAND,NC,37051,76,28310
2017,CURRITUCK,NC,37053,15,27916
2017,DARE,NC,37055,95.7,27982
2017,DAVIDSON,NC,37057,67.8,27295
2017,DAVIE,NC,37059,88.3,27014
2017,DUPLIN,NC,37061,69.4,28349
2017,DURHAM,NC,37063,41.6,27503
2017,EDGECOMBE,NC,37065,71,27878
2017,FORSYTH,NC,37067,65.2,27009
2017,FRANKLIN,NC,37069,48.1,27508
2017,GASTON,NC,37071,101.8,28006
2017,GATES,NC,37073,0.6,27937
2017,GRAHAM,NC,37075,89.1,28702
2017,GRANVILLE,NC,37077,62.3,27509
2017,GREENE,NC,37079,28.5,28580
2017,GUILFORD,NC,37081,65.5,27283
2017,HALIFAX,NC,37083,104.2,27839
2017,HARNETT,NC,37085,71.3,27546
2017,HAYWOOD,NC,37087,92.6,28785
2017,HENDERSON,NC,37089,72.5,28735
2017,HERTFORD,NC,37091,123,27986
2017,HOKE,NC,37093,56.3,28376
2017,HYDE,NC,37095,58.3,27826
2017,IREDELL,NC,37097,90.3,28689
2017,JACKSON,NC,37099,79.6,28725
2017,JOHNSTON,NC,37101,60.6,27577
2017,JONES,NC,37103,36.6,28585
2017,LEE,NC,37105,114.2,27330
2017,LENOIR,NC,37107,81.7,28525
2017,LINCOLN,NC,37109,98.5,28033
2017,MCDOWELL,NC,37111,77.5,28752
2017,MACON,NC,37113,84,28734
2017,MADISON,NC,37115,49,28753
2017,MARTIN,NC,37117,97.6,27861
2017,MECKLENBURG,NC,37119,47.4,28202
2017,MITCHELL,NC,37121,123.6,28777
2017,MONTGOMERY,NC,37123,55,27209
2017,MOORE,NC,37125,102.8,28350
2017,NASH,NC,37127,83.4,27807
2017,NEW HANOVER,NC,37129,86,28480
2017,NORTHAMPTON,NC,37131,14.9,27866
2017,ONSLOW,NC,37133,65.6,28547
2017,ORANGE,NC,37135,36.7,27231
2017,PAMLICO,NC,37137,82,28552
2017,PASQUOTANK,NC,37139,117.2,27909
2017,PENDER,NC,37141,48.6,28435
2017,PERQUIMANS,NC,37143,30.1,27985
2017,PERSON,NC,37145,92.1,27343
2017,PITT,NC,37147,72.2,27827
2017,POLK,NC,37149,54.3,28756
2017,RANDOLPH,NC,37151,62.5,27233
2017,RICHMOND,NC,37153,138,28347
2017,ROBESON,NC,37155,114.2,28357
2017,ROCKINGHAM,NC,37157,120.6,27326
2017,ROWAN,NC,37159,72.8,28071
2017,RUTHERFORD,NC,37161,86.2,28720
2017,SAMPSON,NC,37163,78.3,28393
2017,SCOTLAND,NC,37165,168.3,28363
2017,STANLY,NC,37167,100.7,28127
2017,STOKES,NC,37169,82.1,27022
2017,SURRY,NC,37171,139.4,28676
2017,SWAIN,NC,37173,79,28713
2017,TRANSYLVANIA,NC,37175,84.2,28766
2017,TYRRELL,NC,37177,82.3,27925
2017,UNION,NC,37179,60.5,28108
2017,VANCE,NC,37181,101.9,27556
2017,WAKE,NC,37183,47.5,27601
2017,WARREN,NC,37185,29.9,27553
2017,WASHINGTON,NC,37187,88.5,27928
2017,WATAUGA,NC,37189,65.2,28679
2017,WAYNE,NC,37191,69.7,27531
2017,WILKES,NC,37193,78.8,28669
2017,WILSON,NC,37195,81.9,27880
2017,YADKIN,NC,37197,55,27018
2017,YANCEY,NC,37199,84.3,28740
2017,ADAMS,ND,38001,100.8,58649
2017,BARNES,ND,38003,53.9,58065
2017,BENSON,ND,38005,6.6,58381
2017,BOTTINEAU,ND,38009,29.4,58762
2017,BOWMAN,ND,38011,44.9,58651
2017,BURLEIGH,ND,38015,58.4,58477
2017,CASS,ND,38017,24.5,58002
2017,CAVALIER,ND,38019,46,58239
2017,DICKEY,ND,38021,62.7,58441
2017,DIVIDE,ND,38023,0.1,58765
2017,DUNN,ND,38025,16.9,58642
2017,EDDY,ND,38027,75.8,58356
2017,EMMONS,ND,38029,48.2,58544
2017,FOSTER,ND,38031,88.7,58445
2017,GRAND FORKS,ND,38035,53.3,58205
2017,GRANT,ND,38037,0.3,58564
2017,GRIGGS,ND,38039,54.6,58448
2017,HETTINGER,ND,38041,23.4,58650
2017,KIDDER,ND,38043,30.4,58475
2017,LAMOURE,ND,38045,32.3,58454
2017,MCHENRY,ND,38049,20,58713
2017,MCINTOSH,ND,38051,36.1,58460
2017,MCKENZIE,ND,38053,34.7,58838
2017,MCLEAN,ND,38055,35,58723
2017,MERCER,ND,38057,62.5,58580
2017,MORTON,ND,38059,38.5,58566
2017,MOUNTRAIL,ND,38061,10.6,58776
2017,NELSON,ND,38063,27,58212
2017,PEMBINA,ND,38067,51.9,58216
2017,PIERCE,ND,38069,50,58385
2017,RAMSEY,ND,38071,108.6,58382
2017,RANSOM,ND,38073,47.5,58054
2017,RENVILLE,ND,38075,24.5,58787
2017,RICHLAND,ND,38077,27.8,58076
2017,ROLETTE,ND,38079,3.1,58353
2017,SARGENT,ND,38081,0.1,58013
2017,STARK,ND,38089,61.1,58641
2017,STUTSMAN,ND,38093,63,58402
2017,TOWNER,ND,38095,1.9,58339
2017,TRAILL,ND,38097,19.1,58274
2017,WALSH,ND,38099,38.6,58273
2017,WARD,ND,38101,52,58705
2017,WELLS,ND,38103,65.9,58451
2017,WILLIAMS,ND,38105,54.7,58856
2017,ADAMS,OH,39001,77.4,45650
2017,ALLEN,OH,39003,77.2,45808
2017,ASHLAND,OH,39005,37.4,44866
2017,ASHTABULA,OH,39007,58.7,44099
2017,ATHENS,OH,39009,67.2,45719
2017,AUGLAIZE,OH,39011,43.6,45871
2017,BELMONT,OH,39013,75.8,43950
2017,BROWN,OH,39015,76.6,45168
2017,BUTLER,OH,39017,65.8,45062
2017,CARROLL,OH,39019,36,44607
2017,CHAMPAIGN,OH,39021,61,43070
2017,CLARK,OH,39023,89,43153
2017,CLERMONT,OH,39025,73,45156
2017,CLINTON,OH,39027,89.7,45166
2017,COLUMBIANA,OH,39029,66.2,44432
2017,COSHOCTON,OH,39031,69.4,43805
2017,CRAWFORD,OH,39033,76.6,44881
2017,CUYAHOGA,OH,39035,50.1,44113
2017,DARKE,OH,39037,43.8,45351
2017,DEFIANCE,OH,39039,70.8,43519
2017,DELAWARE,OH,39041,48.1,43032
2017,ERIE,OH,39043,73,44816
2017,FAIRFIELD,OH,39045,62.5,43155
2017,FAYETTE,OH,39047,85.6,43106
2017,FRANKLIN,OH,39049,59.4,43215
2017,FULTON,OH,39051,66.1,43521
2017,GALLIA,OH,39053,68.7,45658
2017,GEAUGA,OH,39055,45.6,44080
2017,GREENE,OH,39057,62.1,45433
2017,GUERNSEY,OH,39059,84.2,43772
2017,HAMILTON,OH,39061,62.8,45033
2017,HANCOCK,OH,39063,54.3,45816
2017,HARDIN,OH,39065,59.8,45859
2017,HARRISON,OH,39067,57,43974
2017,HENRY,OH,39069,49.7,43534
2017,HIGHLAND,OH,39071,90.1,45132
2017,HOCKING,OH,39073,78,43111
2017,HOLMES,OH,39075,20.7,44661
2017,HURON,OH,39077,82.8,44851
2017,JACKSON,OH,39079,112.5,45656
2017,JEFFERSON,OH,39081,93.4,43925
2017,KNOX,OH,39083,45.5,43822
2017,LAKE,OH,39085,61.4,44081
2017,LAWRENCE,OH,39087,73.3,45678
2017,LICKING,OH,39089,56.7,43071
2017,LOGAN,OH,39091,72.1,43343
2017,LORAIN,OH,39093,59.6,44044
2017,LUCAS,OH,39095,85.5,43610
2017,MADISON,OH,39097,63.2,43140
2017,MAHONING,OH,39099,77.6,44503
2017,MARION,OH,39101,92,43302
2017,MEDINA,OH,39103,50.1,44251
2017,MEIGS,OH,39105,48.8,45770
2017,MERCER,OH,39107,41.3,45826
2017,MIAMI,OH,39109,60.2,45361
2017,MONROE,OH,39111,37.5,43914
2017,MONTGOMERY,OH,39113,77.3,45428
2017,MORGAN,OH,39115,39,43787
2017,MORROW,OH,39117,45.1,43334
2017,MUSKINGUM,OH,39119,85,43738
2017,NOBLE,OH,39121,17.8,43711
2017,OTTAWA,OH,39123,61.3,43439
2017,PAULDING,OH,39125,31.2,45873
2017,PERRY,OH,39127,69.5,43782
2017,PICKAWAY,OH,39129,61.6,43146
2017,PIKE,OH,39131,93.6,45646
2017,PORTAGE,OH,39133,50.6,44285
2017,PREBLE,OH,39135,57.1,45330
2017,PUTNAM,OH,39137,33.6,45877
2017,RICHLAND,OH,39139,59.4,44901
2017,ROSS,OH,39141,76.8,45647
2017,SANDUSKY,OH,39143,60.7,43442
2017,SCIOTO,OH,39145,90.5,45636
2017,SENECA,OH,39147,61.2,44867
2017,SHELBY,OH,39149,60,45363
2017,STARK,OH,39151,76.7,44640
2017,SUMMIT,OH,39153,61.8,44304
2017,TRUMBULL,OH,39155,80.4,44430
2017,TUSCARAWAS,OH,39157,64.5,43837
2017,UNION,OH,39159,57.6,43036
2017,VAN WERT,OH,39161,56.2,45886
2017,VINTON,OH,39163,19.7,45695
2017,WARREN,OH,39165,54.9,45034
2017,WASHINGTON,OH,39167,102.7,45721
2017,WAYNE,OH,39169,47.8,44276
2017,WILLIAMS,OH,39171,44,43557
2017,WOOD,OH,39173,43.2,43462
2017,WYANDOT,OH,39175,41.7,43330
2017,ADAIR,OK,40001,66.5,74457
2017,ALFALFA,OK,40003,0.5,73741
2017,ATOKA,OK,40005,32.6,74569
2017,BECKHAM,OK,40009,94.9,73662
2017,BLAINE,OK,40011,1.2,73772
2017,BRYAN,OK,40013,128.2,74731
2017,CADDO,OK,40015,62.2,73047
2017,CANADIAN,OK,40017,80,73090
2017,CARTER,OK,40019,148.4,73425
2017,CHEROKEE,OK,40021,99.4,74452
2017,CHOCTAW,OK,40023,34.4,74738
2017,CIMARRON,OK,40025,35.7,73946
2017,CLEVELAND,OK,40027,74.7,73051
2017,COAL,OK,40029,75.7,74556
2017,COMANCHE,OK,40031,76.3,73503
2017,COTTON,OK,40033,0.7,73548
2017,CRAIG,OK,40035,96.8,74332
2017,CREEK,OK,40037,99.2,74046
2017,CUSTER,OK,40039,94.9,73620
2017,DELAWARE,OK,40041,78.7,74359
2017,DEWEY,OK,40043,12.7,73859
2017,ELLIS,OK,40045,3.1,73840
2017,GARFIELD,OK,40047,90.1,73705
2017,GARVIN,OK,40049,51.1,73074
2017,GRADY,OK,40051,54.3,73067
2017,GRANT,OK,40053,25.6,73758
2017,GREER,OK,40055,35.9,73547
2017,HARMON,OK,40057,178,73571
2017,HARPER,OK,40059,0.8,73848
2017,HASKELL,OK,40061,94.7,74552
2017,HUGHES,OK,40063,29.8,74848
2017,JACKSON,OK,40065,93.2,73539
2017,JEFFERSON,OK,40067,9.5,73569
2017,JOHNSTON,OK,40069,2.2,73455
2017,KAY,OK,40071,77.8,74632
2017,KINGFISHER,OK,40073,97.9,73756
2017,KIOWA,OK,40075,33.3,73062
2017,LATIMER,OK,40077,57.4,74563
2017,LE FLORE,OK,40079,81.8,74939
2017,LINCOLN,OK,40081,17.7,74824
2017,LOGAN,OK,40083,44.8,73073
2017,LOVE,OK,40085,69.6,73430
2017,MCCLAIN,OK,40087,126.2,73093
2017,MCCURTAIN,OK,40089,65.4,74754
2017,MCINTOSH,OK,40091,61.4,74428
2017,MAJOR,OK,40093,1.4,73760
2017,MARSHALL,OK,40095,72.3,73440
2017,MAYES,OK,40097,89.4,74337
2017,MURRAY,OK,40099,128.7,73032
2017,MUSKOGEE,OK,40101,114.4,74463
2017,NOBLE,OK,40103,6.6,74630
2017,NOWATA,OK,40105,53.7,74072
2017,OKFUSKEE,OK,40107,0.8,74829
2017,OKLAHOMA,OK,40109,96.5,73102
2017,OKMULGEE,OK,40111,89.6,74421
2017,OSAGE,OK,40113,10,74035
2017,OTTAWA,OK,40115,85.3,74360
2017,PAWNEE,OK,40117,87,74034
2017,PAYNE,OK,40119,87.9,74075
2017,PITTSBURG,OK,40121,130.4,74528
2017,PONTOTOC,OK,40123,106.9,74842
2017,POTTAWATOMIE,OK,40125,118.2,74878
2017,PUSHMATAHA,OK,40127,29.5,74543
2017,ROGER MILLS,OK,40129,0.6,73638
2017,ROGERS,OK,40131,92.1,74080
2017,SEMINOLE,OK,40133,60.5,74849
2017,SEQUOYAH,OK,40135,51.9,74954
2017,STEPHENS,OK,40137,121.9,73442
2017,TEXAS,OK,40139,32.5,73944
2017,TILLMAN,OK,40141,89.1,73555
2017,TULSA,OK,40143,113.2,74103
2017,WAGONER,OK,40145,58.9,74454
2017,WASHINGTON,OK,40147,103.3,74051
2017,WASHITA,OK,40149,0.4,73622
2017,WOODS,OK,40151,24.9,73717
2017,WOODWARD,OK,40153,90.3,73841
2017,BAKER,OR,41001,110,97840
2017,BENTON,OR,41003,38.7,97333
2017,CLACKAMAS,OR,41005,64.4,97011
2017,CLATSOP,OR,41007,91,97121
2017,COLUMBIA,OR,41009,64,97064
2017,COOS,OR,41011,116.5,97414
2017,CROOK,OR,41013,83,97752
2017,CURRY,OR,41015,133.8,97406
2017,DESCHUTES,OR,41017,74.7,97707
2017,DOUGLAS,OR,41019,88.9,97429
2017,GILLIAM,OR,41021,76.8,97812
2017,GRANT,OR,41023,54.3,97820
2017,HARNEY,OR,41025,86.5,97721
2017,HOOD RIVER,OR,41027,79.8,97041
2017,JACKSON,OR,41029,92.9,97522
2017,JEFFERSON,OR,41031,49.9,97741
2017,JOSEPHINE,OR,41033,105.5,97534
2017,KLAMATH,OR,41035,69.3,97604
2017,LAKE,OR,41037,89.5,97620
2017,LANE,OR,41039,88.1,97489
2017,LINCOLN,OR,41041,97.4,97390
2017,LINN,OR,41043,88.9,97377
2017,MALHEUR,OR,41045,131.8,97920
2017,MARION,OR,41047,58.9,97373
2017,MORROW,OR,41049,32.7,97843
2017,MULTNOMAH,OR,41051,43.2,97204
2017,POLK,OR,41053,48.7,97361
2017,TILLAMOOK,OR,41057,92.3,97134
2017,UMATILLA,OR,41059,79.8,97859
2017,UNION,OR,41061,101,97883
2017,WALLOWA,OR,41063,77.1,97842
2017,WASCO,OR,41065,122.2,97063
2017,WASHINGTON,OR,41067,44.3,97144
2017,YAMHILL,OR,41071,63.1,97378
2017,ADAMS,PA,42001,37.8,17304
2017,ALLEGHENY,PA,42003,57.6,15086
2017,ARMSTRONG,PA,42005,74.5,16253
2017,BEAVER,PA,42007,61.1,15081
2017,BEDFORD,PA,42009,54.8,15539
2017,BERKS,PA,42011,49.1,19550
2017,BLAIR,PA,42013,88.8,16631
2017,BRADFORD,PA,42015,59.2,18833
2017,BUCKS,PA,42017,56.5,18920
2017,BUTLER,PA,42019,57,16048
2017,CAMBRIA,PA,42021,83.9,16699
2017,CAMERON,PA,42023,86.2,15832
2017,CARBON,PA,42025,58.7,18212
2017,CENTRE,PA,42027,40.7,16875
2017,CHESTER,PA,42029,43.5,19367
2017,CLARION,PA,42031,57.8,16361
2017,CLEARFIELD,PA,42033,61.3,16651
2017,CLINTON,PA,42035,66,17750
2017,COLUMBIA,PA,42037,70.3,17888
2017,CRAWFORD,PA,42039,69.1,16110
2017,CUMBERLAND,PA,42041,55.8,17011
2017,DAUPHIN,PA,42043,52.3,17018
2017,DELAWARE,PA,42045,57.5,19319
2017,ELK,PA,42047,69.6,16728
2017,ERIE,PA,42049,63.9,16401
2017,FAYETTE,PA,42051,107,15450
2017,FOREST,PA,42053,39.3,16239
2017,FRANKLIN,PA,42055,59,17254
2017,FULTON,PA,42057,61.3,16691
2017,GREENE,PA,42059,65.1,15370
2017,HUNTINGDON,PA,42061,49.9,16652
2017,INDIANA,PA,42063,61.4,15783
2017,JEFFERSON,PA,42065,63.4,15781
2017,JUNIATA,PA,42067,50.3,17035
2017,LACKAWANNA,PA,42069,97.3,18503
2017,LANCASTER,PA,42071,45.4,17565
2017,LAWRENCE,PA,42073,76.9,16140
2017,LEBANON,PA,42075,48.1,17010
2017,LEHIGH,PA,42077,39.3,18087
2017,LUZERNE,PA,42079,70.8,18225
2017,LYCOMING,PA,42081,73.3,17762
2017,MCKEAN,PA,42083,77.8,16738
2017,MERCER,PA,42085,91.1,16137
2017,MIFFLIN,PA,42087,67.7,17075
2017,MONROE,PA,42089,65.3,18356
2017,MONTGOMERY,PA,42091,50.7,19472
2017,MONTOUR,PA,42093,66.6,17821
2017,NORTHAMPTON,PA,42095,54.5,18035
2017,NORTHUMBERLAND,PA,42097,82.4,17866
2017,PERRY,PA,42099,48.2,17071
2017,PHILADELPHIA,PA,42101,55,19127
2017,PIKE,PA,42103,40.2,18451
2017,POTTER,PA,42105,56.5,16927
2017,SCHUYLKILL,PA,42107,67.3,17933
2017,SNYDER,PA,42109,55.3,17861
2017,SOMERSET,PA,42111,60.9,15510
2017,SULLIVAN,PA,42113,39.7,18619
2017,SUSQUEHANNA,PA,42115,48,18828
2017,TIOGA,PA,42117,62.4,16943
2017,UNION,PA,42119,52.8,17810
2017,VENANGO,PA,42121,67,16342
2017,WARREN,PA,42123,67.1,16420
2017,WASHINGTON,PA,42125,58,15004
2017,WAYNE,PA,42127,55.6,18427
2017,WESTMORELAND,PA,42129,62.3,15662
2017,WYOMING,PA,42131,66.1,18625
2017,YORK,PA,42133,51.6,17311
2017,BRISTOL,RI,44001,39.7,2806
2017,KENT,RI,44003,62.3,2817
2017,NEWPORT,RI,44005,50.4,2841
2017,PROVIDENCE,RI,44007,48.4,2876
2017,WASHINGTON,RI,44009,56.2,2836
2017,ABBEVILLE,SC,45001,51.1,29639
2017,AIKEN,SC,45003,77.7,29164
2017,ALLENDALE,SC,45005,47.8,29836
2017,ANDERSON,SC,45007,83.9,29684
2017,BAMBERG,SC,45009,92.9,29042
2017,BARNWELL,SC,45011,87.2,29826
2017,BEAUFORT,SC,45013,59.7,29904
2017,BERKELEY,SC,45015,54,29469
2017,CALHOUN,SC,45017,8.6,29030
2017,CHARLESTON,SC,45019,66.1,29409
2017,CHEROKEE,SC,45021,105.3,29340
2017,CHESTER,SC,45023,81.9,29712
2017,CHESTERFIELD,SC,45025,79.8,29718
2017,CLARENDON,SC,45027,72.1,29111
2017,COLLETON,SC,45029,114.6,29452
2017,DARLINGTON,SC,45031,140.4,29069
2017,DILLON,SC,45033,114.9,29592
2017,DORCHESTER,SC,45035,90.4,29472
2017,EDGEFIELD,SC,45037,54.9,29824
2017,FAIRFIELD,SC,45039,45.9,29130
2017,FLORENCE,SC,45041,121.9,29530
2017,GEORGETOWN,SC,45043,78.1,29585
2017,GREENVILLE,SC,45045,79.2,29601
2017,GREENWOOD,SC,45047,101.5,29848
2017,HAMPTON,SC,45049,90.8,29922
2017,HORRY,SC,45051,97.1,29526
2017,JASPER,SC,45053,60.3,29934
2017,KERSHAW,SC,45055,75.8,29078
2017,LANCASTER,SC,45057,72.9,29067
2017,LAURENS,SC,45059,79.1,29370
2017,LEE,SC,45061,38.2,29010
2017,LEXINGTON,SC,45063,82.1,29036
2017,MCCORMICK,SC,45065,2.3,29899
2017,MARION,SC,45067,111.3,29519
2017,MARLBORO,SC,45069,98.9,29512
2017,NEWBERRY,SC,45071,77.4,29075
2017,OCONEE,SC,45073,107.5,29658
2017,ORANGEBURG,SC,45075,79.7,29133
2017,PICKENS,SC,45077,93.9,29631
2017,RICHLAND,SC,45079,58.5,29207
2017,SALUDA,SC,45081,41.4,29166
2017,SPARTANBURG,SC,45083,93,29324
2017,SUMTER,SC,45085,70.9,29051
2017,UNION,SC,45087,106.2,29031
2017,WILLIAMSBURG,SC,45089,72.4,29590
2017,YORK,SC,45091,62.9,29743
2017,BEADLE,SD,46005,58.5,57381
2017,BENNETT,SD,46007,0.2,57574
2017,BON HOMME,SD,46009,0.3,57062
2017,BROOKINGS,SD,46011,42,57026
2017,BROWN,SD,46013,57.4,57439
2017,BRULE,SD,46015,78.2,57325
2017,BUTTE,SD,46019,25.8,57788
2017,CHARLES MIX,SD,46023,38.7,57342
2017,CLARK,SD,46025,27.2,57258
2017,CLAY,SD,46027,45.1,57010
2017,CODINGTON,SD,46029,62,57272
2017,CUSTER,SD,46033,33.9,57738
2017,DAVISON,SD,46035,75.2,57331
2017,DAY,SD,46037,0.5,57239
2017,DEUEL,SD,46039,0.7,57218
2017,DOUGLAS,SD,46043,37.6,57344
2017,EDMUNDS,SD,46045,57.1,57451
2017,FALL RIVER,SD,46047,82.4,57766
2017,GRANT,SD,46051,52.5,57246
2017,GREGORY,SD,46053,79.6,57538
2017,HAAKON,SD,46055,99.2,57553
2017,HAND,SD,46059,0.7,57371
2017,HUGHES,SD,46065,84.3,57522
2017,HUTCHINSON,SD,46067,76.6,57052
2017,JERAULD,SD,46073,104.5,57358
2017,KINGSBURY,SD,46077,46,57214
2017,LAKE,SD,46079,35.6,57076
2017,LAWRENCE,SD,46081,70.2,57759
2017,LINCOLN,SD,46083,35.3,57027
2017,LYMAN,SD,46085,10.3,57576
2017,MCCOOK,SD,46087,31,57048
2017,MCPHERSON,SD,46089,0.2,57457
2017,MARSHALL,SD,46091,38.3,57421
2017,MEADE,SD,46093,12.9,57758
2017,MELLETTE,SD,46095,68.9,57560
2017,MINER,SD,46097,27.9,57349
2017,MINNEHAHA,SD,46099,59.4,57117
2017,MOODY,SD,46101,32.9,57017
2017,PENNINGTON,SD,46103,65.1,57790
2017,PERKINS,SD,46105,50,57640
2017,POTTER,SD,46107,1.5,57475
2017,ROBERTS,SD,46109,42,57256
2017,SPINK,SD,46115,1,57424
2017,STANLEY,SD,46117,2.5,57532
2017,TRIPP,SD,46123,78.6,57534
2017,TURNER,SD,46125,29.4,57021
2017,UNION,SD,46127,62,57001
2017,WALWORTH,SD,46129,91.2,57420
2017,YANKTON,SD,46135,79.5,57078
2017,ANDERSON,TN,47001,126.2,37754
2017,BEDFORD,TN,47003,94.2,37144
2017,BENTON,TN,47005,119,38333
2017,BLEDSOE,TN,47007,72.7,37367
2017,BLOUNT,TN,47009,80.2,37853
2017,BRADLEY,TN,47011,113.7,37353
2017,CAMPBELL,TN,47013,172,37819
2017,CANNON,TN,47015,95.1,37149
2017,CARROLL,TN,47017,119,38348
2017,CARTER,TN,47019,98.8,37687
2017,CHEATHAM,TN,47021,93.1,37035
2017,CHESTER,TN,47023,82.8,38332
2017,CLAIBORNE,TN,47025,159.2,37730
2017,CLAY,TN,47027,191.3,38551
2017,COCKE,TN,47029,162.6,37713
2017,COFFEE,TN,47031,156.4,37018
2017,CROCKETT,TN,47033,61.3,38006
2017,CUMBERLAND,TN,47035,116.1,38571
2017,DAVIDSON,TN,47037,73.7,37213
2017,DECATUR,TN,47039,136.5,38329
2017,DEKALB,TN,47041,138.7,37095
2017,DICKSON,TN,47043,119.5,37165
2017,DYER,TN,47045,156.2,38070
2017,FAYETTE,TN,47047,65.4,38028
2017,FENTRESS,TN,47049,159.1,38565
2017,FRANKLIN,TN,47051,101.8,37376
2017,GIBSON,TN,47053,128.1,38355
2017,GILES,TN,47055,111,38449
2017,GRAINGER,TN,47057,80,37848
2017,GREENE,TN,47059,107.9,37818
2017,GRUNDY,TN,47061,141.6,37305
2017,HAMBLEN,TN,47063,143.6,37891
2017,HAMILTON,TN,47065,109.2,37351
2017,HANCOCK,TN,47067,108.1,37869
2017,HARDEMAN,TN,47069,93,38075
2017,HARDIN,TN,47071,145.4,38365
2017,HAWKINS,TN,47073,73.7,37731
2017,HAYWOOD,TN,47075,79.1,38069
2017,HENDERSON,TN,47077,115.9,38345
2017,HENRY,TN,47079,166.8,38224
2017,HICKMAN,TN,47081,64.9,37140
2017,HOUSTON,TN,47083,126.8,37175
2017,HUMPHREYS,TN,47085,114.2,37078
2017,JACKSON,TN,47087,47,38588
2017,JEFFERSON,TN,47089,98.9,37871
2017,JOHNSON,TN,47091,88,37688
2017,KNOX,TN,47093,84.7,37902
2017,LAKE,TN,47095,58.1,38079
2017,LAUDERDALE,TN,47097,91.5,38041
2017,LAWRENCE,TN,47099,130,38457
2017,LEWIS,TN,47101,134.5,38462
2017,LINCOLN,TN,47103,94.9,37348
2017,LOUDON,TN,47105,91.5,37742
2017,MCMINN,TN,47107,133.1,37370
2017,MCNAIRY,TN,47109,149.8,38379
2017,MACON,TN,47111,113.7,37150
2017,MADISON,TN,47113,114.7,38313
2017,MARION,TN,47115,84.3,37396
2017,MARSHALL,TN,47117,121.9,37091
2017,MAURY,TN,47119,114.7,38487
2017,MEIGS,TN,47121,40.3,37322
2017,MONROE,TN,47123,133,37885
2017,MONTGOMERY,TN,47125,77.3,37142
2017,MOORE,TN,47127,17.5,37352
2017,MORGAN,TN,47129,61.8,37887
2017,OBION,TN,47131,95.3,38254
2017,OVERTON,TN,47133,97.3,38554
2017,PERRY,TN,47135,100.9,37096
2017,PICKETT,TN,47137,90.5,38577
2017,POLK,TN,47139,111.9,37333
2017,PUTNAM,TN,47141,125.5,38505
2017,RHEA,TN,47143,138.3,37332
2017,ROANE,TN,47145,128.7,37748
2017,ROBERTSON,TN,47147,116,37188
2017,RUTHERFORD,TN,47149,82.2,37086
2017,SCOTT,TN,47151,154.6,37732
2017,SEQUATCHIE,TN,47153,159.7,37327
2017,SEVIER,TN,47155,99.5,37862
2017,SHELBY,TN,47157,65.5,38054
2017,SMITH,TN,47159,109,38560
2017,STEWART,TN,47161,57.8,37050
2017,SULLIVAN,TN,47163,145,37617
2017,SUMNER,TN,47165,82.8,37031
2017,TIPTON,TN,47167,102.3,38015
2017,TROUSDALE,TN,47169,128,37074
2017,UNICOI,TN,47171,131.7,37692
2017,UNION,TN,47173,73.4,37866
2017,VAN BUREN,TN,47175,10.4,38585
2017,WARREN,TN,47177,132.8,37110
2017,WASHINGTON,TN,47179,94.5,37659
2017,WAYNE,TN,47181,131.1,38425
2017,WEAKLEY,TN,47183,114.9,38226
2017,WHITE,TN,47185,115.5,38579
2017,WILLIAMSON,TN,47187,50.8,38476
2017,WILSON,TN,47189,79.2,37090
2017,ANDERSON,TX,48001,62.2,75861
2017,ANDREWS,TX,48003,52.5,79714
2017,ANGELINA,TX,48005,88.7,75980
2017,ARANSAS,TX,48007,83,78358
2017,ATASCOSA,TX,48013,84.1,78050
2017,AUSTIN,TX,48015,52.9,78944
2017,BAILEY,TX,48017,68.3,79324
2017,BANDERA,TX,48019,38.3,78055
2017,BASTROP,TX,48021,72.1,78612
2017,BAYLOR,TX,48023,62.1,76380
2017,BEE,TX,48025,66.1,78104
2017,BELL,TX,48027,49.3,76544
2017,BEXAR,TX,48029,50.9,78150
2017,BLANCO,TX,48031,16.6,78635
2017,BOSQUE,TX,48035,36.2,76652
2017,BOWIE,TX,48037,116.7,75570
2017,BRAZORIA,TX,48039,58.8,77583
2017,BRAZOS,TX,48041,47.9,77807
2017,BREWSTER,TX,48043,64.8,79831
2017,BROOKS,TX,48047,58.3,78353
2017,BROWN,TX,48049,119.3,76802
2017,BURLESON,TX,48051,53.3,77836
2017,BURNET,TX,48053,87.5,78611
2017,CALDWELL,TX,48055,46.9,78622
2017,CALHOUN,TX,48057,97.6,77978
2017,CALLAHAN,TX,48059,21,76443
2017,CAMERON,TX,48061,26.1,78535
2017,CAMP,TX,48063,57.6,75451
2017,CARSON,TX,48065,3.5,79039
2017,CASS,TX,48067,77.4,75562
2017,CASTRO,TX,48069,0.9,79027
2017,CHAMBERS,TX,48071,32.5,77597
2017,CHEROKEE,TX,48073,62.4,75780
2017,CHILDRESS,TX,48075,155.9,79201
2017,COLEMAN,TX,48083,66.7,76882
2017,COLLIN,TX,48085,50.9,75164
2017,COLORADO,TX,48089,48.5,77460
2017,COMAL,TX,48091,69.2,78133
2017,COMANCHE,TX,48093,69,76452
2017,COOKE,TX,48097,84.7,76252
2017,CORYELL,TX,48099,60,76597
2017,CRANE,TX,48103,70.5,79731
2017,CROCKETT,TX,48105,46.5,79942
2017,CROSBY,TX,48107,1.3,79343
2017,DALLAM,TX,48111,62.4,79022
2017,DALLAS,TX,48113,46.1,75247
2017,DAWSON,TX,48115,59,79331
2017,DEAF SMITH,TX,48117,34.8,79025
2017,DENTON,TX,48121,53.8,76205
2017,DE WITT,TX,48123,44,77954
2017,DICKENS,TX,48125,6.6,79229
2017,DIMMIT,TX,48127,99.2,78830
2017,DONLEY,TX,48129,2.1,79226
2017,DUVAL,TX,48131,9.5,78349
2017,EASTLAND,TX,48133,79.8,76435
2017,ECTOR,TX,48135,68.7,79741
2017,ELLIS,TX,48139,67.3,76670
2017,EL PASO,TX,48141,34.7,79920
2017,ERATH,TX,48143,68,76446
2017,FALLS,TX,48145,58.1,76685
2017,FANNIN,TX,48147,56.2,75475
2017,FAYETTE,TX,48149,58.7,78941
2017,FISHER,TX,48151,5.3,79534
2017,FLOYD,TX,48153,2.2,79258
2017,FOARD,TX,48155,51.6,79227
2017,FORT BEND,TX,48157,35.8,77476
2017,FRANKLIN,TX,48159,71.1,75480
2017,FREESTONE,TX,48161,26.8,75860
2017,FRIO,TX,48163,40.2,78017
2017,GAINES,TX,48165,46.6,79342
2017,GALVESTON,TX,48167,70.5,77617
2017,GARZA,TX,48169,0.6,79356
2017,GILLESPIE,TX,48171,71.1,78058
2017,GOLIAD,TX,48175,19.6,77993
2017,GONZALES,TX,48177,48.3,78614
2017,GRAY,TX,48179,102.1,79054
2017,GRAYSON,TX,48181,95,76268
2017,GREGG,TX,48183,126.5,75602
2017,GRIMES,TX,48185,25.6,77868
2017,GUADALUPE,TX,48187,45.3,78670
2017,HALE,TX,48189,58.7,79032
2017,HALL,TX,48191,2.4,79239
2017,HAMILTON,TX,48193,44.6,76436
2017,HANSFORD,TX,48195,0,79062
2017,HARDEMAN,TX,48197,75.1,79225
2017,HARDIN,TX,48199,90.4,77374
2017,HARRIS,TX,48201,42.4,77002
2017,HARRISON,TX,48203,64.4,75661
2017,HASKELL,TX,48207,6.3,79539
2017,HAYS,TX,48209,52.3,78737
2017,HEMPHILL,TX,48211,1.8,79014
2017,HENDERSON,TX,48213,76.4,75770
2017,HIDALGO,TX,48215,26,78565
2017,HILL,TX,48217,60.3,76631
2017,HOCKLEY,TX,48219,73.7,79380
2017,HOOD,TX,48221,108.2,76462
2017,HOPKINS,TX,48223,84.3,75420
2017,HOUSTON,TX,48225,42.7,75851
2017,HOWARD,TX,48227,63.6,79720
2017,HUNT,TX,48231,84.6,75423
2017,HUTCHINSON,TX,48233,74.6,79078
2017,JACK,TX,48237,1.3,76458
2017,JACKSON,TX,48239,32,77991
2017,JASPER,TX,48241,57.7,77615
2017,JEFFERSON,TX,48245,79.9,77705
2017,JIM HOGG,TX,48247,25.3,78361
2017,JIM WELLS,TX,48249,77.5,78342
2017,JOHNSON,TX,48251,85.2,76061
2017,JONES,TX,48253,30.3,79533
2017,KARNES,TX,48255,56.1,78144
2017,KAUFMAN,TX,48257,71,75158
2017,KENDALL,TX,48259,60.3,78004
2017,KERR,TX,48265,77.2,78010
2017,KIMBLE,TX,48267,55.1,76874
2017,KINNEY,TX,48271,22.4,78832
2017,KLEBERG,TX,48273,61.7,78363
2017,LAMAR,TX,48277,139.7,75470
2017,LAMB,TX,48279,2.6,79326
2017,LAMPASAS,TX,48281,55.7,76525
2017,LA SALLE,TX,48283,0.2,78021
2017,LAVACA,TX,48285,50,77984
2017,LEE,TX,48287,46.3,78946
2017,LEON,TX,48289,40,77855
2017,LIBERTY,TX,48291,83,77575
2017,LIMESTONE,TX,48293,87.1,76635
2017,LIVE OAK,TX,48297,13.9,78060
2017,LLANO,TX,48299,56.9,78607
2017,LUBBOCK,TX,48303,79.1,79329
2017,LYNN,TX,48305,0.9,79381
2017,MCCULLOCH,TX,48307,54.2,76836
2017,MCLENNAN,TX,48309,70.5,76701
2017,MADISON,TX,48313,72.9,75852
2017,MARION,TX,48315,1.6,75630
2017,MARTIN,TX,48317,40.4,79749
2017,MASON,TX,48319,38.8,76869
2017,MATAGORDA,TX,48321,62.1,77458
2017,MAVERICK,TX,48323,28.4,78852
2017,MEDINA,TX,48325,42.7,78861
2017,MIDLAND,TX,48329,54.6,79703
2017,MILAM,TX,48331,61.6,76556
2017,MITCHELL,TX,48335,50.6,79512
2017,MONTAGUE,TX,48337,75.7,76261
2017,MONTGOMERY,TX,48339,55.7,77362
2017,MOORE,TX,48341,51.2,79086
2017,MORRIS,TX,48343,77.1,75568
2017,NACOGDOCHES,TX,48347,83,75943
2017,NAVARRO,TX,48349,67,76681
2017,NEWTON,TX,48351,25.5,75932
2017,NOLAN,TX,48353,83.4,79537
2017,NUECES,TX,48355,71.6,78406
2017,OCHILTREE,TX,48357,49.3,79093
2017,ORANGE,TX,48361,95.8,77630
2017,PALO PINTO,TX,48363,96.5,76463
2017,PANOLA,TX,48365,76.7,75669
2017,PARKER,TX,48367,65.5,76490
2017,PARMER,TX,48369,0.9,79035
2017,PECOS,TX,48371,34.3,79730
2017,POLK,TX,48373,91.4,77351
2017,POTTER,TX,48375,73.4,79108
2017,PRESIDIO,TX,48377,3.3,79843
2017,RAINS,TX,48379,62.5,75472
2017,RANDALL,TX,48381,69.5,79118
2017,REAGAN,TX,48383,25.4,76932
2017,RED RIVER,TX,48387,59.4,75550
2017,REEVES,TX,48389,58.4,79772
2017,REFUGIO,TX,48391,1.5,78340
2017,ROBERTSON,TX,48395,25.3,77867
2017,ROCKWALL,TX,48397,70.9,75189
2017,RUNNELS,TX,48399,70.3,76861
2017,RUSK,TX,48401,46.3,75652
2017,SABINE,TX,48403,44.4,75968
2017,SAN AUGUSTINE,TX,48405,66.4,75972
2017,SAN JACINTO,TX,48407,17.3,77359
2017,SAN PATRICIO,TX,48409,81.7,78352
2017,SAN SABA,TX,48411,36.3,76832
2017,SCURRY,TX,48415,81.5,79526
2017,SHELBY,TX,48419,65.1,75954
2017,SHERMAN,TX,48421,1,79084
2017,SMITH,TX,48423,82.1,75706
2017,SOMERVELL,TX,48425,5.1,76077
2017,STARR,TX,48427,33.7,78588
2017,STEPHENS,TX,48429,96.9,76429
2017,STONEWALL,TX,48433,2.6,79540
2017,SUTTON,TX,48435,2.6,76950
2017,SWISHER,TX,48437,9.1,79052
2017,TARRANT,TX,48439,61,76102
2017,TAYLOR,TX,48441,99.6,79607
2017,TERRY,TX,48445,77.8,79316
2017,TITUS,TX,48449,76.2,75558
2017,TOM GREEN,TX,48451,71.3,76908
2017,TRAVIS,TX,48453,45.6,78701
2017,TRINITY,TX,48455,56.5,75926
2017,TYLER,TX,48457,48.4,75979
2017,UPSHUR,TX,48459,18.2,75640
2017,UPTON,TX,48461,1.6,79755
2017,UVALDE,TX,48463,71.9,78838
2017,VAL VERDE,TX,48465,35.9,78843
2017,VAN ZANDT,TX,48467,70.3,75754
2017,VICTORIA,TX,48469,94.6,77973
2017,WALKER,TX,48471,57.2,77320
2017,WALLER,TX,48473,11.8,77466
2017,WARD,TX,48475,51.9,79788
2017,WASHINGTON,TX,48477,71.2,77426
2017,WEBB,TX,48479,24.9,78371
2017,WHARTON,TX,48481,60.4,77448
2017,WHEELER,TX,48483,32.7,79003
2017,WICHITA,TX,48485,98.7,76311
2017,WILBARGER,TX,48487,137.9,76364
2017,WILLACY,TX,48489,32.8,78580
2017,WILLIAMSON,TX,48491,56.9,76511
2017,WILSON,TX,48493,54.4,78161
2017,WINKLER,TX,48495,46.7,79789
2017,WISE,TX,48497,60.7,76225
2017,WOOD,TX,48499,91,75497
2017,YOAKUM,TX,48501,7.5,79355
2017,YOUNG,TX,48503,92.2,76450
2017,ZAPATA,TX,48505,21,78067
2017,ZAVALA,TX,48507,0.6,78872
2017,BEAVER,UT,49001,87,84751
2017,BOX ELDER,UT,49003,73.8,84306
2017,CACHE,UT,49005,50.2,84305
2017,CARBON,UT,49007,154.1,84539
2017,DAVIS,UT,49011,62.5,84056
2017,DUCHESNE,UT,49013,58.8,84027
2017,EMERY,UT,49015,80.2,84537
2017,GARFIELD,UT,49017,73.2,84712
2017,GRAND,UT,49019,80.3,84532
2017,IRON,UT,49021,90,84753
2017,JUAB,UT,49023,73.5,84628
2017,KANE,UT,49025,100.8,84533
2017,MILLARD,UT,49027,64.8,84637
2017,MORGAN,UT,49029,36.7,84018
2017,RICH,UT,49033,29.5,84064
2017,SALT LAKE,UT,49035,63.2,84101
2017,SAN JUAN,UT,49037,15.1,84512
2017,SANPETE,UT,49039,83.2,84634
2017,SEVIER,UT,49041,108.2,84739
2017,SUMMIT,UT,49043,51.5,84061
2017,TOOELE,UT,49045,64,84080
2017,UINTAH,UT,49047,61.3,84035
2017,UTAH,UT,49049,52.9,84013
2017,WASATCH,UT,49051,58.9,84032
2017,WASHINGTON,UT,49053,79.7,84781
2017,WEBER,UT,49057,75.9,84317
2017,ADDISON,VT,50001,41.7,5747
2017,BENNINGTON,VT,50003,62.5,5253
2017,CALEDONIA,VT,50005,54.9,5050
2017,CHITTENDEN,VT,50007,42.7,5462
2017,ESSEX,VT,50009,0.5,5901
2017,FRANKLIN,VT,50011,79.1,5447
2017,GRAND ISLE,VT,50013,14.9,5474
2017,LAMOILLE,VT,50015,52.3,5652
2017,ORANGE,VT,50017,34.4,5649
2017,ORLEANS,VT,50019,60.8,5833
2017,RUTLAND,VT,50021,65.6,5759
2017,WASHINGTON,VT,50023,52,5663
2017,WINDHAM,VT,50025,60.1,5358
2017,WINDSOR,VT,50027,30.9,5053
2017,ACCOMACK,VA,51001,50.8,23488
2017,ALBEMARLE,VA,51003,49.1,22931
2017,ALLEGHANY,VA,51005,70.4,24457
2017,AMELIA,VA,51007,37,23083
2017,AMHERST,VA,51009,62,24574
2017,APPOMATTOX,VA,51011,96.7,24593
2017,ARLINGTON,VA,51013,20.1,22211
2017,AUGUSTA,VA,51015,15.9,24430
2017,BATH,VA,51017,1.1,24484
2017,BEDFORD,VA,51019,37,24095
2017,BLAND,VA,51021,54.6,24315
2017,BOTETOURT,VA,51023,35.4,24064
2017,BRUNSWICK,VA,51025,17.9,23857
2017,BUCHANAN,VA,51027,138.6,24631
2017,BUCKINGHAM,VA,51029,1.8,23004
2017,CAMPBELL,VA,51031,32.9,24538
2017,CAROLINE,VA,51033,32,22538
2017,CARROLL,VA,51035,35.8,24312
2017,CHARLOTTE,VA,51037,31.7,23962
2017,CHESTERFIELD,VA,51041,56.3,23838
2017,CLARKE,VA,51043,27.5,22646
2017,CRAIG,VA,51045,5.9,24131
2017,CULPEPER,VA,51047,53.3,22729
2017,CUMBERLAND,VA,51049,21.2,23027
2017,DICKENSON,VA,51051,155.6,24272
2017,DINWIDDIE,VA,51053,3.8,23840
2017,ESSEX,VA,51057,87.8,22509
2017,FAIRFAX,VA,51059,24.9,22060
2017,FAUQUIER,VA,51061,61.7,22643
2017,FLOYD,VA,51063,34.9,24079
2017,FLUVANNA,VA,51065,27,23055
2017,FRANKLIN,VA,51067,66.9,24102
2017,FREDERICK,VA,51069,50.4,22654
2017,GILES,VA,51071,98.1,24136
2017,GLOUCESTER,VA,51073,89,23061
2017,GOOCHLAND,VA,51075,10.8,23153
2017,GRAYSON,VA,51077,19.8,24348
2017,GREENE,VA,51079,66,22935
2017,HALIFAX,VA,51083,70.3,24589
2017,HANOVER,VA,51085,73.7,23069
2017,HENRICO,VA,51087,56.6,23233
2017,HENRY,VA,51089,63.4,24089
2017,ISLE OF WIGHT,VA,51093,64.6,23314
2017,JAMES CITY,VA,51095,80.4,23188
2017,KING GEORGE,VA,51099,44.3,22485
2017,KING WILLIAM,VA,51101,29.8,23106
2017,LANCASTER,VA,51103,125.3,22578
2017,LEE,VA,51105,132.6,24277
2017,LOUDOUN,VA,51107,31.1,20129
2017,LOUISA,VA,51109,41.9,23102
2017,LUNENBURG,VA,51111,1.2,23952
2017,MATHEWS,VA,51115,50.1,23045
2017,MECKLENBURG,VA,51117,83.9,23915
2017,MIDDLESEX,VA,51119,3.1,23043
2017,MONTGOMERY,VA,51121,53.2,24087
2017,NELSON,VA,51125,17.9,22971
2017,NEW KENT,VA,51127,44.8,23011
2017,NORTHAMPTON,VA,51131,96.4,23354
2017,NORTHUMBERLAND,VA,51133,24,22530
2017,NOTTOWAY,VA,51135,63.3,23922
2017,ORANGE,VA,51137,73.8,22972
2017,PAGE,VA,51139,75.8,22849
2017,PATRICK,VA,51141,58.5,24185
2017,PITTSYLVANIA,VA,51143,16.5,24569
2017,POWHATAN,VA,51145,41.8,23160
2017,PRINCE EDWARD,VA,51147,82.5,23943
2017,PRINCE WILLIAM,VA,51153,32.2,22134
2017,PULASKI,VA,51155,111,24347
2017,RICHMOND,VA,51159,35.8,22572
2017,ROANOKE,VA,51161,74.9,24059
2017,ROCKBRIDGE,VA,51163,0.1,24483
2017,ROCKINGHAM,VA,51165,27.7,22811
2017,RUSSELL,VA,51167,105.7,24225
2017,SCOTT,VA,51169,136.1,24244
2017,SHENANDOAH,VA,51171,53.4,22845
2017,SMYTH,VA,51173,105.1,24375
2017,SPOTSYLVANIA,VA,51177,54.5,22551
2017,STAFFORD,VA,51179,41.3,22554
2017,SUSSEX,VA,51183,14.1,23891
2017,TAZEWELL,VA,51185,153.3,24635
2017,WARREN,VA,51187,77.5,22642
2017,WASHINGTON,VA,51191,88.1,24270
2017,WESTMORELAND,VA,51193,35.1,22488
2017,WISE,VA,51195,159,24279
2017,WYTHE,VA,51197,91.2,24350
2017,YORK,VA,51199,40.3,23665
2017,ALEXANDRIA CITY,VA,51510,27.2,22305
2017,BRISTOL CITY,VA,51520,161,24201
2017,BUENA VISTA CITY,VA,51530,81.1,24416
2017,CHARLOTTESVILLE CITY,VA,51540,44.1,22903
2017,CHESAPEAKE CITY,VA,51550,54.2,23322
2017,COLONIAL HEIGHTS CITY,VA,51570,179.8,23834
2017,DANVILLE CITY,VA,51590,162.1,24541
2017,FALLS CHURCH CITY,VA,51610,49.5,22046
2017,FREDERICKSBURG CITY,VA,51630,135.6,22401
2017,GALAX CITY,VA,51640,345.1,24333
2017,HAMPTON CITY,VA,51650,60.9,23651
2017,HARRISONBURG CITY,VA,51660,105.8,22801
2017,HOPEWELL CITY,VA,51670,150.8,23860
2017,LYNCHBURG CITY,VA,51680,93.3,24503
2017,MANASSAS CITY,VA,51683,88.1,20110
2017,NEWPORT NEWS CITY,VA,51700,49.8,23604
2017,NORFOLK CITY,VA,51710,53.9,23511
2017,NORTON CITY,VA,51720,396.1,24273
2017,PETERSBURG CITY,VA,51730,130.4,23803
2017,POQUOSON CITY,VA,51735,66,23662
2017,PORTSMOUTH CITY,VA,51740,83.8,23709
2017,RADFORD CITY,VA,51750,82.6,24142
2017,RICHMOND CITY,VA,51760,41.9,23220
2017,ROANOKE CITY,VA,51770,86.2,24011
2017,SALEM CITY,VA,51775,178.4,24153
2017,STAUNTON CITY,VA,51790,144.9,24401
2017,SUFFOLK CITY,VA,51800,75.3,23436
2017,VIRGINIA BEACH CITY,VA,51810,52.1,23460
2017,WAYNESBORO CITY,VA,51820,169,22980
2017,WINCHESTER CITY,VA,51840,138,22601
2017,ADAMS,WA,53001,25.5,99169
2017,ASOTIN,WA,53003,133.2,99401
2017,BENTON,WA,53005,89.8,99346
2017,CHELAN,WA,53007,70.3,98817
2017,CLALLAM,WA,53009,101.8,98326
2017,CLARK,WA,53011,54.2,98601
2017,COLUMBIA,WA,53013,100.4,99359
2017,COWLITZ,WA,53015,76.6,98645
2017,DOUGLAS,WA,53017,57.2,98843
2017,FERRY,WA,53019,51,99146
2017,FRANKLIN,WA,53021,52.9,99326
2017,GARFIELD,WA,53023,95.7,99347
2017,GRANT,WA,53025,65.7,99357
2017,GRAYS HARBOR,WA,53027,90.4,98535
2017,ISLAND,WA,53029,39.1,98278
2017,JEFFERSON,WA,53031,78.6,98325
2017,KING,WA,53033,41.9,98195
2017,KITSAP,WA,53035,56.8,98314
2017,KITTITAS,WA,53037,47.9,98068
2017,KLICKITAT,WA,53039,19.9,99356
2017,LEWIS,WA,53041,81.6,98565
2017,LINCOLN,WA,53043,65.1,99117
2017,MASON,WA,53045,75.1,98560
2017,OKANOGAN,WA,53047,64.3,98827
2017,PACIFIC,WA,53049,29.4,98527
2017,PEND OREILLE,WA,53051,102.4,99119
2017,PIERCE,WA,53053,57.2,98421
2017,SAN JUAN,WA,53055,59.8,98297
2017,SKAGIT,WA,53057,71.8,98255
2017,SKAMANIA,WA,53059,2.8,98651
2017,SNOHOMISH,WA,53061,60.9,98207
2017,SPOKANE,WA,53063,76.6,99001
2017,STEVENS,WA,53065,75.4,99034
2017,THURSTON,WA,53067,54.8,98512
2017,WAHKIAKUM,WA,53069,5.8,98647
2017,WALLA WALLA,WA,53071,74.4,99348
2017,WHATCOM,WA,53073,63.1,98220
2017,WHITMAN,WA,53075,45.9,99136
2017,YAKIMA,WA,53077,60.4,98921
2017,BARBOUR,WV,54001,56.3,26405
2017,BERKELEY,WV,54003,82.6,25413
2017,BOONE,WV,54005,106.7,25203
2017,BRAXTON,WV,54007,77.7,26621
2017,BROOKE,WV,54009,76,26037
2017,CABELL,WV,54011,106.8,25504
2017,CALHOUN,WV,54013,37.4,26136
2017,CLAY,WV,54015,51.9,25030
2017,DODDRIDGE,WV,54017,25.5,26411
2017,FAYETTE,WV,54019,60.9,25002
2017,GILMER,WV,54021,49.1,26430
2017,GRANT,WV,54023,73.8,26720
2017,GREENBRIER,WV,54025,95.6,25958
2017,HAMPSHIRE,WV,54027,64.1,26714
2017,HANCOCK,WV,54029,117.8,26056
2017,HARDY,WV,54031,71.3,26801
2017,HARRISON,WV,54033,88.4,26323
2017,JACKSON,WV,54035,67.6,25244
2017,JEFFERSON,WV,54037,77.1,25443
2017,KANAWHA,WV,54039,94.9,25132
2017,LEWIS,WV,54041,72.2,26343
2017,LINCOLN,WV,54043,41.5,25565
2017,LOGAN,WV,54045,170.7,25639
2017,MCDOWELL,WV,54047,88.2,24801
2017,MARION,WV,54049,75,26572
2017,MARSHALL,WV,54051,109.1,26055
2017,MASON,WV,54053,68.8,25106
2017,MERCER,WV,54055,101.7,24724
2017,MINERAL,WV,54057,80.7,26710
2017,MINGO,WV,54059,74.5,24851
2017,MONONGALIA,WV,54061,46.5,26501
2017,MONROE,WV,54063,33.4,24974
2017,MORGAN,WV,54065,68.6,25422
2017,NICHOLAS,WV,54067,113,26202
2017,OHIO,WV,54069,67.4,26060
2017,PENDLETON,WV,54071,60.8,26804
2017,PLEASANTS,WV,54073,100.7,26170
2017,POCAHONTAS,WV,54075,48.5,24924
2017,PRESTON,WV,54077,59.3,26525
2017,PUTNAM,WV,54079,78.2,25011
2017,RALEIGH,WV,54081,78.9,25836
2017,RANDOLPH,WV,54083,87.4,26282
2017,RITCHIE,WV,54085,59.6,26161
2017,ROANE,WV,54087,85.2,25259
2017,SUMMERS,WV,54089,90.3,25978
2017,TAYLOR,WV,54091,58.5,26354
2017,TUCKER,WV,54093,36.7,26271
2017,TYLER,WV,54095,45.3,26149
2017,UPSHUR,WV,54097,49.9,26236
2017,WAYNE,WV,54099,61.6,25699
2017,WEBSTER,WV,54101,50.7,26266
2017,WETZEL,WV,54103,84.7,26437
2017,WIRT,WV,54105,34.6,26138
2017,WOOD,WV,54107,91.3,26169
2017,WYOMING,WV,54109,113.6,24719
2017,ADAMS,WI,55001,37.7,53936
2017,ASHLAND,WI,55003,73.5,54855
2017,BARRON,WI,55005,70.7,54857
2017,BAYFIELD,WI,55007,5.2,54827
2017,BROWN,WI,55009,55.8,54307
2017,BUFFALO,WI,55011,0.4,54756
2017,BURNETT,WI,55013,60,54830
2017,CALUMET,WI,55015,18.3,54123
2017,CHIPPEWA,WI,55017,52.7,54768
2017,CLARK,WI,55019,25.3,54488
2017,COLUMBIA,WI,55021,81.4,53901
2017,CRAWFORD,WI,55023,60.4,54626
2017,DANE,WI,55025,43.9,53571
2017,DODGE,WI,55027,37.1,53933
2017,DOOR,WI,55029,58.3,54210
2017,DOUGLAS,WI,55031,48.2,54838
2017,DUNN,WI,55033,33.9,54765
2017,EAU CLAIRE,WI,55035,48.7,54722
2017,FOND DU LAC,WI,55039,43.6,53931
2017,FOREST,WI,55041,38.7,54520
2017,GRANT,WI,55043,39.3,53802
2017,GREEN,WI,55045,46.1,53570
2017,GREEN LAKE,WI,55047,51.4,53939
2017,IOWA,WI,55049,39.6,53526
2017,IRON,WI,55051,66.2,54565
2017,JACKSON,WI,55053,22.9,54643
2017,JEFFERSON,WI,55055,54.6,53036
2017,JUNEAU,WI,55057,105.4,53950
2017,KENOSHA,WI,55059,53.4,53170
2017,KEWAUNEE,WI,55061,15.4,54201
2017,LA CROSSE,WI,55063,57.9,54603
2017,LAFAYETTE,WI,55065,11,53599
2017,LANGLADE,WI,55067,81.7,54485
2017,LINCOLN,WI,55069,62.9,54442
2017,MANITOWOC,WI,55071,48.4,54207
2017,MARATHON,WI,55073,42.4,54408
2017,MARINETTE,WI,55075,60.9,54104
2017,MARQUETTE,WI,55077,26,53920
2017,MILWAUKEE,WI,55079,64.2,53295
2017,MONROE,WI,55081,58,54666
2017,OCONTO,WI,55083,29.6,54138
2017,ONEIDA,WI,55085,69.4,54564
2017,OUTAGAMIE,WI,55087,50.3,54944
2017,OZAUKEE,WI,55089,54,53021
2017,PEPIN,WI,55091,49.5,54721
2017,PIERCE,WI,55093,31.5,54003
2017,POLK,WI,55095,53.6,54005
2017,PORTAGE,WI,55097,47.5,54921
2017,PRICE,WI,55099,51,54459
2017,RACINE,WI,55101,64.8,53177
2017,RICHLAND,WI,55103,37.7,53518
2017,ROCK,WI,55105,64.4,53501
2017,RUSK,WI,55107,27.5,54895
2017,SAINT CROIX,WI,55109,31.7,54082
2017,SAUK,WI,55111,55.6,53941
2017,SAWYER,WI,55113,76.3,54896
2017,SHAWANO,WI,55115,35.5,54127
2017,SHEBOYGAN,WI,55117,54.6,53023
2017,TAYLOR,WI,55119,22.1,54490
2017,TREMPEALEAU,WI,55121,14.1,54612
2017,VERNON,WI,55123,36.8,54624
2017,VILAS,WI,55125,52.2,54561
2017,WALWORTH,WI,55127,51.4,53195
2017,WASHBURN,WI,55129,26.5,54888
2017,WASHINGTON,WI,55131,54.9,53017
2017,WAUKESHA,WI,55133,58.2,53046
2017,WAUPACA,WI,55135,73,54946
2017,WAUSHARA,WI,55137,25,54970
2017,WINNEBAGO,WI,55139,48.5,54985
2017,WOOD,WI,55141,60.5,54475
2017,ALBANY,WY,56001,43.3,82058
2017,BIG HORN,WY,56003,50.1,82434
2017,CAMPBELL,WY,56005,66.5,82731
2017,CARBON,WY,56007,60.3,82332
2017,CONVERSE,WY,56009,64.4,82633
2017,CROOK,WY,56011,0.4,82712
2017,FREMONT,WY,56013,76.9,82510
2017,GOSHEN,WY,56015,30.1,82219
2017,HOT SPRINGS,WY,56017,69.8,82443
2017,JOHNSON,WY,56019,58.5,82639
2017,LARAMIE,WY,56021,64.5,82005
2017,LINCOLN,WY,56023,65,83121
2017,NATRONA,WY,56025,73.3,82630
2017,NIOBRARA,WY,56027,1.4,82222
2017,PARK,WY,56029,73.2,82450
2017,PLATTE,WY,56031,51.9,82215
2017,SHERIDAN,WY,56033,44.3,82844
2017,SUBLETTE,WY,56035,54.1,82925
2017,SWEETWATER,WY,56037,88.1,82929
2017,TETON,WY,56039,59.4,83014
2017,UINTA,WY,56041,100.2,82933
2017,WASHAKIE,WY,56043,78.7,82442
2017,WESTON,WY,56045,40.2,82723